Zeitstempel,Für statistische Zwecke: Wie oft haben Sie schon an diesem Test teilgenommen?,Für statistische Zwecke: Ihr Geschlecht:,Für statistische Zwecke: Wie alt sind Sie?,Für statistische Zwecke: Welches ist Ihr höchster Schulabschluss?,Für statistische Zwecke: Ihre Berufsausbildung / Studium?,Für statistische Zwecke: Was trifft auf Sie zu?,Für statistische Zwecke: Ihr derzeitiges ungefähres Brutto-Monatseinkommen:,"Für statistische Zwecke: Haben Sie vor, den Test wahrheitsgemäß zu beantworten?",Einfühlungsvermögen 1: Ich bin einfühlsam und sensibler als andere.,"Einfühlungsvermögen 2: Ich merke sofort, wenn sich meine Stimmung ändert.",Einfühlungsvermögen 3: Ich reagiere sehr sensibel auf falsches Lob.,"Einfühlungsvermögen 4: Ich verbringe viel Zeit damit, meine Gefühle zu erforschen.","Einfühlungsvermögen 5: Es interessiert mich sehr, was andere fühlen und denken.",Einfühlungsvermögen 6: Ich kann mich gut in andere hinein versetzen.,EinfühlungsvermögenEinfühlungsvermögen 7: In Büchern und Filmen interessiere ich mich am meisten für die Charaktere und Motive der dargestellten Personen.,Menschenkenntnis 1: Ich habe ein sehr feines Gespür für die wirklichen Motive anderer Menschen.,"Menschenkenntnis 2: Ich merke es sofort, wenn mir andere nicht die Wahrheit erzählen.",Menschenkenntnis 3: Ich kann andere Menschen meist richtig einschätzen.,"Menschenkenntnis 4: Ich kann in den Gesichtern anderer Menschen lesen, wie in einem offenen Buch.","Menschenkenntnis 5: Wenn ich ein Paar sehe, wird mir oft sehr schnell klar, was für eine Beziehung sie führen.","Menschenkenntnis 6: Ich merke es sofort, wenn andere mich ausnutzen.",Menschenkenntnis 7: Andere beneiden mich oft um meine gute Menschenkenntnis.,Emotionale Selbstkontrolle 1: Manchmal gehen meine Gefühle einfach mit mir durch.,"Emotionale Selbstkontrolle 2: Oft kommt es mir vor, als ob ich meinen Gefühlen hilflos ausgeliefert bin.","Emotionale Selbstkontrolle 3: Auch wenn ich sehr aufgeregt bin (vor einer Prüfung oder vor einem öffentlichen Auftritt), gelingt es mir, mich zu beruhigen.",Emotionale Selbstkontrolle 4: Ich habe meine Gefühle immer unter Kontrolle.,"Emotionale Selbstkontrolle 5: Auch wenn mich etwas sehr aufregt, kann ich die Ruhe bewahren.","Emotionale Selbstkontrolle 6: Ich kann meine Stimmungen bewusst beeinflussen, z. B. um mich zu motivieren.","Emotionale Selbstkontrolle 7: Wenn ich will, kann ich sehr ruhig wirken, obwohl ich es innerlich nicht bin.",Überzeugungskraft 1: Oft gelange ich durch geschicktes Auftreten an mein Ziel.,"Überzeugungskraft 2: Mir gelingt es schnell, andere Menschen für mich zu gewinnen.","Überzeugungskraft 3: Es passiert mir immer wieder, dass ich mich nicht durchsetzen kann, obwohl ich die besseren Argumente habe.","Überzeugungskraft 4: Es fällt mir leicht, andere für meine Interessen einzusetzen.",Überzeugungskraft 5: Ich kann andere sehr schnell für neue Ziele begeistern.,"Überzeugungskraft 6: Es fällt mir leicht, andere von meinen Ideen zu überzeugen.","Überzeugungskraft 7: Ich weiß genau, wie ich auf andere wirke."
12/16/2017 21:37:51,Das ist mein erstes Mal,weiblich,20 bis 30 Jahre,Realschule,Bachelor,Ich bin Angestellter.,3000 - 5000 EURO,"Ja, weil ich aussagekräftige Ergebnisse möchte.",stimmt eher,stimmt genau,stimmt eher,stimmt eher nicht,stimmt genau,stimmt genau,stimmt eher,stimmt genau,stimmt genau,stimmt genau,stimmt genau,stimmt genau,stimmt genau,stimmt eher,stimmt eher,stimmt eher nicht,stimmt eher,stimmt eher nicht,stimmt genau,stimmt genau,stimmt eher nicht,stimmt genau,stimmt genau,stimmt eher nicht,stimmt genau,stimmt genau,stimmt genau,stimmt genau
12/16/2017 21:51:29,Das ist mein erstes Mal,männlich,20 bis 30 Jahre,Abitur,Bachelor,Ich bin Angestellter.,3000 - 5000 EURO,"Ja, weil ich aussagekräftige Ergebnisse möchte.",stimmt genau,stimmt genau,stimmt eher nicht,stimmt eher,stimmt genau,stimmt genau,stimmt genau,stimmt genau,stimmt eher,stimmt genau,stimmt eher,stimmt eher,stimmt eher,stimmt eher,stimmt eher nicht,stimmt gar nicht,stimmt genau,stimmt eher,stimmt eher,stimmt genau,stimmt eher,stimmt genau,stimmt genau,stimmt gar nicht,stimmt genau,stimmt genau,stimmt genau,stimmt eher
12/16/2017 21:55:12,Das ist mein erstes Mal,weiblich,20 bis 30 Jahre,Fachabitur,Bachelor,Ich bin Angestellter.,1000 - 3000 EURO,"Ja, weil ich aussagekräftige Ergebnisse möchte.",stimmt eher,stimmt eher,stimmt eher,stimmt eher,stimmt eher,stimmt eher,stimmt eher,stimmt eher,stimmt eher,stimmt eher,stimmt eher,stimmt eher,stimmt eher,stimmt eher,stimmt eher,stimmt eher,stimmt eher nicht,stimmt eher,stimmt eher,stimmt eher nicht,stimmt eher nicht,stimmt eher,stimmt eher,stimmt eher,stimmt eher,stimmt eher,stimmt eher,stimmt eher
12/16/2017 21:59:34,Das ist mein erstes Mal,weiblich,20 bis 30 Jahre,Realschule,Lehre,Ich bin Angestellter.,1000 - 3000 EURO,"Ja, weil ich aussagekräftige Ergebnisse möchte.",stimmt eher nicht,stimmt eher nicht,stimmt eher nicht,stimmt gar nicht,stimmt eher nicht,stimmt genau,stimmt gar nicht,stimmt eher,stimmt genau,stimmt genau,stimmt eher nicht,stimmt eher,stimmt eher nicht,stimmt genau,stimmt eher nicht,stimmt eher nicht,stimmt eher nicht,stimmt eher,stimmt eher nicht,stimmt eher nicht,stimmt eher,stimmt eher nicht,stimmt genau,stimmt eher nicht,stimmt eher,stimmt eher,stimmt eher nicht,stimmt eher
12/16/2017 22:11:34,Das ist mein erstes Mal,weiblich,20 bis 30 Jahre,Realschule,Lehre,Ich bin Angestellter.,3000 - 5000 EURO,"Ja, weil ich aussagekräftige Ergebnisse möchte.",stimmt eher,stimmt genau,stimmt eher,stimmt eher nicht,stimmt eher nicht,stimmt eher nicht,stimmt eher nicht,stimmt eher nicht,stimmt gar nicht,stimmt eher nicht,stimmt eher nicht,stimmt eher,stimmt eher nicht,stimmt eher nicht,stimmt genau,stimmt eher,stimmt eher,stimmt eher,stimmt eher,stimmt eher nicht,stimmt eher,stimmt eher nicht,stimmt eher nicht,stimmt eher,stimmt eher nicht,stimmt eher,stimmt eher,stimmt eher nicht
12/16/2017 22:14:44,Das ist mein erstes Mal,weiblich,20 bis 30 Jahre,Realschule,Lehre,Ich bin Angestellter.,1000 - 3000 EURO,"Ja, weil ich aussagekräftige Ergebnisse möchte.",stimmt eher,stimmt eher,stimmt eher,stimmt eher nicht,stimmt eher,stimmt eher,stimmt eher,stimmt eher nicht,stimmt eher nicht,stimmt eher nicht,stimmt eher nicht,stimmt eher,stimmt eher nicht,stimmt eher nicht,stimmt eher nicht,stimmt eher nicht,stimmt eher,stimmt eher,stimmt eher nicht,stimmt eher nicht,stimmt eher nicht,stimmt eher,stimmt eher,stimmt eher,stimmt eher nicht,stimmt eher nicht,stimmt eher,stimmt eher nicht
12/16/2017 22:14:45,Das ist mein erstes Mal,männlich,20 bis 30 Jahre,Fachabitur,Meister,Ich bin Angestellter.,3000 - 5000 EURO,"Ja, weil ich aussagekräftige Ergebnisse möchte.",stimmt eher nicht,stimmt genau,stimmt eher nicht,stimmt eher nicht,stimmt eher,stimmt eher,stimmt eher nicht,stimmt eher nicht,stimmt eher,stimmt eher,stimmt eher nicht,stimmt eher nicht,stimmt eher,stimmt eher nicht,stimmt eher nicht,stimmt eher nicht,stimmt eher,stimmt eher,stimmt genau,stimmt eher nicht,stimmt eher nicht,stimmt eher nicht,stimmt eher,stimmt eher nicht,stimmt eher nicht,stimmt eher,stimmt eher,stimmt eher
12/16/2017 22:14:58,Das ist mein erstes Mal,männlich,20 bis 30 Jahre,Fachabitur,Meister,Ich bin Angestellter.,3000 - 5000 EURO,"Ja, weil ich aussagekräftige Ergebnisse möchte.",stimmt eher nicht,stimmt genau,stimmt eher nicht,stimmt eher nicht,stimmt eher,stimmt eher,stimmt eher nicht,stimmt eher nicht,stimmt eher,stimmt eher,stimmt eher nicht,stimmt eher nicht,stimmt eher,stimmt eher nicht,stimmt eher nicht,stimmt eher nicht,stimmt eher,stimmt eher,stimmt genau,stimmt eher nicht,stimmt eher nicht,stimmt eher nicht,stimmt eher,stimmt eher nicht,stimmt eher nicht,stimmt eher,stimmt eher,stimmt eher
12/16/2017 22:18:57,Das ist mein erstes Mal,weiblich,jünger als 20 Jahre,Realschule,Lehre,Ich bin Angestellter.,< 1000 EURO,"Ja, weil ich aussagekräftige Ergebnisse möchte.",stimmt eher nicht,stimmt genau,stimmt eher nicht,stimmt eher,stimmt eher,stimmt eher,stimmt eher nicht,stimmt eher,stimmt eher,stimmt eher,stimmt eher nicht,stimmt eher nicht,stimmt genau,stimmt eher nicht,stimmt eher nicht,stimmt eher nicht,stimmt eher nicht,stimmt eher,stimmt eher,stimmt eher,stimmt eher nicht,stimmt eher,stimmt eher,stimmt eher,stimmt eher,stimmt eher,stimmt eher,stimmt eher
12/16/2017 22:25:43,Das ist mein erstes Mal,männlich,20 bis 30 Jahre,Hauptschule,Meister,Ich bin Arbeiter.,3000 - 5000 EURO,"Ja, weil ich aussagekräftige Ergebnisse möchte.",stimmt genau,stimmt genau,stimmt eher nicht,stimmt gar nicht,stimmt gar nicht,stimmt eher,stimmt genau,stimmt eher,stimmt eher nicht,stimmt eher,stimmt eher,stimmt gar nicht,stimmt gar nicht,stimmt eher nicht,stimmt genau,stimmt eher,stimmt gar nicht,stimmt genau,stimmt genau,stimmt genau,stimmt genau,stimmt eher,stimmt genau,stimmt eher nicht,stimmt eher,stimmt genau,stimmt genau,stimmt eher nicht
12/16/2017 22:28:43,Das ist mein erstes Mal,weiblich,20 bis 30 Jahre,Abitur,anderes,Ich bin Student.,< 1000 EURO,"Ja, weil ich aussagekräftige Ergebnisse möchte.",stimmt genau,stimmt genau,stimmt eher,stimmt genau,stimmt genau,stimmt genau,stimmt genau,stimmt eher,stimmt eher nicht,stimmt eher,stimmt eher,stimmt eher nicht,stimmt eher,stimmt eher,stimmt genau,stimmt eher,stimmt eher,stimmt eher nicht,stimmt eher nicht,stimmt eher nicht,stimmt eher nicht,stimmt genau,stimmt eher,stimmt eher,stimmt gar nicht,stimmt eher,stimmt eher,stimmt eher nicht
12/16/2017 22:28:59,Das ist mein erstes Mal,weiblich,20 bis 30 Jahre,Realschule,Lehre,Ich bin Angestellter.,1000 - 3000 EURO,"Ja, weil ich aussagekräftige Ergebnisse möchte.",stimmt eher,stimmt genau,stimmt eher nicht,stimmt gar nicht,stimmt eher nicht,stimmt eher nicht,stimmt eher nicht,stimmt genau,stimmt eher,stimmt eher,stimmt eher nicht,stimmt gar nicht,stimmt genau,stimmt eher nicht,stimmt eher nicht,stimmt eher nicht,stimmt eher nicht,stimmt eher nicht,stimmt eher nicht,stimmt eher nicht,stimmt eher nicht,stimmt eher nicht,stimmt eher,stimmt eher,stimmt eher,stimmt eher,stimmt eher,stimmt eher
12/16/2017 22:31:04,Das ist mein erstes Mal,weiblich,älter als 50 Jahre,Fachabitur,Diplom,Ich bin Arbeiter.,1000 - 3000 EURO,"Ja, weil ich aussagekräftige Ergebnisse möchte.",stimmt eher,stimmt eher,stimmt eher,stimmt gar nicht,stimmt eher nicht,stimmt eher,stimmt eher,stimmt eher,stimmt genau,stimmt eher,stimmt eher nicht,stimmt eher,stimmt eher,stimmt eher nicht,stimmt genau,stimmt eher,stimmt eher,stimmt eher nicht,stimmt eher nicht,stimmt eher,stimmt eher,stimmt eher,stimmt eher nicht,stimmt eher,stimmt eher,stimmt eher,stimmt eher,stimmt eher nicht
12/16/2017 22:31:04,Das ist mein erstes Mal,weiblich,älter als 50 Jahre,Fachabitur,Diplom,Ich bin Arbeiter.,1000 - 3000 EURO,"Ja, weil ich aussagekräftige Ergebnisse möchte.",stimmt eher,stimmt eher,stimmt eher,stimmt gar nicht,stimmt eher nicht,stimmt eher,stimmt eher,stimmt eher,stimmt genau,stimmt eher,stimmt eher nicht,stimmt eher,stimmt eher,stimmt eher nicht,stimmt genau,stimmt eher,stimmt eher,stimmt eher nicht,stimmt eher nicht,stimmt eher,stimmt eher,stimmt eher,stimmt eher nicht,stimmt eher,stimmt eher,stimmt eher,stimmt eher,stimmt eher nicht
12/16/2017 22:36:13,Das ist mein erstes Mal,weiblich,20 bis 30 Jahre,Abitur,anderes,Ich bin Student.,< 1000 EURO,"Ja, weil ich aussagekräftige Ergebnisse möchte.",stimmt genau,stimmt eher,stimmt eher nicht,stimmt genau,stimmt genau,stimmt genau,stimmt eher,stimmt genau,stimmt eher,stimmt eher,stimmt eher nicht,stimmt eher nicht,stimmt genau,stimmt eher nicht,stimmt gar nicht,stimmt eher nicht,stimmt eher nicht,stimmt eher,stimmt genau,stimmt eher,stimmt genau,stimmt eher,stimmt eher,stimmt eher nicht,stimmt eher nicht,stimmt eher,stimmt eher,stimmt eher
12/16/2017 22:58:28,Das ist mein erstes Mal,weiblich,31 bis 40 Jahre,Realschule,Lehre,Ich bin Angestellter.,1000 - 3000 EURO,"Ja, weil ich aussagekräftige Ergebnisse möchte.",stimmt eher,stimmt eher,stimmt eher nicht,stimmt gar nicht,stimmt genau,stimmt eher,stimmt eher,stimmt eher nicht,stimmt eher,stimmt eher nicht,stimmt gar nicht,stimmt eher nicht,stimmt eher,stimmt gar nicht,stimmt genau,stimmt genau,stimmt genau,stimmt eher nicht,stimmt eher nicht,stimmt eher nicht,stimmt eher,stimmt eher nicht,stimmt gar nicht,stimmt eher,stimmt eher nicht,stimmt eher nicht,stimmt gar nicht,stimmt eher
12/16/2017 23:30:58,Das ist mein erstes Mal,männlich,20 bis 30 Jahre,Abitur,Master,Ich bin Angestellter.,1000 - 3000 EURO,"Ja, weil ich aussagekräftige Ergebnisse möchte.",stimmt eher,stimmt genau,stimmt eher,stimmt gar nicht,stimmt gar nicht,stimmt eher,stimmt gar nicht,stimmt eher,stimmt eher,stimmt eher nicht,stimmt gar nicht,stimmt gar nicht,stimmt eher,stimmt eher,stimmt gar nicht,stimmt gar nicht,stimmt genau,stimmt genau,stimmt genau,stimmt eher,stimmt genau,stimmt eher,stimmt eher,stimmt genau,stimmt eher,stimmt eher nicht,stimmt eher,stimmt eher
12/16/2017 23:34:48,Das ist mein erstes Mal,weiblich,20 bis 30 Jahre,Abitur,Promotion,Ich bin Student.,< 1000 EURO,"Ja, weil ich aussagekräftige Ergebnisse möchte.",stimmt eher,stimmt genau,stimmt genau,stimmt eher,stimmt eher,stimmt genau,stimmt genau,stimmt eher,stimmt eher nicht,stimmt genau,stimmt eher nicht,stimmt genau,stimmt eher,stimmt genau,stimmt genau,stimmt genau,stimmt eher nicht,stimmt gar nicht,stimmt gar nicht,stimmt gar nicht,stimmt gar nicht,stimmt eher,stimmt eher,stimmt genau,stimmt eher,stimmt eher,stimmt eher,stimmt eher
12/17/2017 0:47:20,Das ist mein erstes Mal,weiblich,41 bis 50 Jahre,Realschule,Lehre,Ich bin Angestellter.,1000 - 3000 EURO,"Ja, weil ich aussagekräftige Ergebnisse möchte.",stimmt gar nicht,stimmt genau,stimmt genau,stimmt eher nicht,stimmt eher,stimmt genau,stimmt eher,stimmt genau,stimmt genau,stimmt genau,stimmt genau,stimmt eher,stimmt genau,stimmt eher,stimmt eher nicht,stimmt eher nicht,stimmt genau,stimmt eher,stimmt eher,stimmt genau,stimmt eher,stimmt genau,stimmt eher,stimmt eher nicht,stimmt eher,stimmt eher,stimmt eher,stimmt genau
12/17/2017 0:47:42,Das ist mein erstes Mal,weiblich,20 bis 30 Jahre,Fachabitur,Bachelor,Ich bin Angestellter.,3000 - 5000 EURO,"Ja, weil ich aussagekräftige Ergebnisse möchte.",stimmt eher,stimmt eher nicht,stimmt genau,stimmt gar nicht,stimmt genau,stimmt eher nicht,stimmt genau,stimmt genau,stimmt eher nicht,stimmt eher,stimmt eher nicht,stimmt genau,stimmt genau,stimmt genau,stimmt eher nicht,stimmt eher nicht,stimmt eher,stimmt eher nicht,stimmt gar nicht,stimmt genau,stimmt genau,stimmt eher,stimmt eher nicht,stimmt genau,stimmt genau,stimmt eher,stimmt eher,stimmt eher nicht
12/17/2017 0:56:46,Das ist mein erstes Mal,männlich,20 bis 30 Jahre,Abitur,Master,Ich bin Angestellter.,1000 - 3000 EURO,"Ja, weil ich aussagekräftige Ergebnisse möchte.",stimmt eher,stimmt eher,stimmt genau,stimmt gar nicht,stimmt genau,stimmt eher,stimmt eher nicht,stimmt eher,stimmt eher,stimmt eher,stimmt eher,stimmt genau,stimmt eher,stimmt eher,stimmt eher nicht,stimmt eher nicht,stimmt eher,stimmt eher nicht,stimmt eher nicht,stimmt eher,stimmt eher,stimmt genau,stimmt genau,stimmt eher,stimmt eher,stimmt genau,stimmt genau,stimmt eher
12/17/2017 6:28:59,Das ist mein zweites Mal,männlich,20 bis 30 Jahre,Fachabitur,anderes,Ich bin Angestellter.,3000 - 5000 EURO,"Ja, weil ich aussagekräftige Ergebnisse möchte.",stimmt eher,stimmt genau,stimmt genau,stimmt gar nicht,stimmt eher,stimmt eher,stimmt eher nicht,stimmt eher,stimmt eher,stimmt eher,stimmt eher nicht,stimmt eher nicht,stimmt eher,stimmt eher nicht,stimmt eher nicht,stimmt gar nicht,stimmt genau,stimmt eher,stimmt genau,stimmt eher,stimmt eher nicht,stimmt eher,stimmt eher nicht,stimmt eher nicht,stimmt eher nicht,stimmt eher nicht,stimmt eher,stimmt genau
12/17/2017 8:48:38,Das ist mein erstes Mal,weiblich,20 bis 30 Jahre,Fachabitur,Lehre,Ich bin Angestellter.,1000 - 3000 EURO,"Ja, weil ich aussagekräftige Ergebnisse möchte.",stimmt eher,stimmt genau,stimmt eher nicht,stimmt eher nicht,stimmt genau,stimmt genau,stimmt eher nicht,stimmt eher,stimmt eher,stimmt eher,stimmt eher nicht,stimmt eher nicht,stimmt eher,stimmt eher,stimmt eher nicht,stimmt eher nicht,stimmt eher nicht,stimmt eher,stimmt eher,stimmt eher,stimmt genau,stimmt eher,stimmt eher,stimmt eher nicht,stimmt eher,stimmt eher,stimmt eher,stimmt eher
12/17/2017 9:16:28,Das ist mein erstes Mal,weiblich,20 bis 30 Jahre,Fachabitur,Lehre,Ich bin Angestellter.,1000 - 3000 EURO,"Ja, weil ich aussagekräftige Ergebnisse möchte.",stimmt genau,stimmt eher,stimmt eher,stimmt eher nicht,stimmt genau,stimmt genau,stimmt eher nicht,stimmt eher,stimmt eher nicht,stimmt eher nicht,stimmt gar nicht,stimmt eher nicht,stimmt eher nicht,stimmt eher nicht,stimmt genau,stimmt eher nicht,stimmt eher nicht,stimmt eher,stimmt eher,stimmt genau,stimmt eher nicht,stimmt genau,stimmt eher,stimmt eher,stimmt eher nicht,stimmt genau,stimmt genau,stimmt eher nicht
12/17/2017 9:25:27,Das ist mein erstes Mal,männlich,31 bis 40 Jahre,Fachabitur,Meister,Ich bin selbständig.,3000 - 5000 EURO,"Ja, weil ich aussagekräftige Ergebnisse möchte.",stimmt eher,stimmt genau,stimmt eher nicht,stimmt eher nicht,stimmt genau,stimmt eher,stimmt eher,stimmt genau,stimmt eher,stimmt genau,stimmt genau,stimmt eher,stimmt genau,stimmt eher,stimmt gar nicht,stimmt gar nicht,stimmt eher,stimmt genau,stimmt genau,stimmt genau,stimmt eher,stimmt eher,stimmt eher,stimmt eher nicht,stimmt eher,stimmt eher,stimmt eher,stimmt eher
12/17/2017 9:26:31,Mehr als zwei Mal,weiblich,20 bis 30 Jahre,Abitur,Bachelor,Ich bin Angestellter.,1000 - 3000 EURO,"Ja, weil ich aussagekräftige Ergebnisse möchte.",stimmt genau,stimmt genau,stimmt eher,stimmt eher nicht,stimmt genau,stimmt genau,stimmt eher,stimmt genau,stimmt eher,stimmt genau,stimmt eher,stimmt eher,stimmt eher,stimmt genau,stimmt genau,stimmt eher,stimmt genau,stimmt eher nicht,stimmt gar nicht,stimmt eher,stimmt eher nicht,stimmt eher,stimmt eher,stimmt eher,stimmt eher,stimmt eher,stimmt eher,stimmt eher
12/17/2017 9:28:15,Das ist mein erstes Mal,männlich,20 bis 30 Jahre,Realschule,Meister,Ich bin Angestellter.,3000 - 5000 EURO,"Ja, weil ich aussagekräftige Ergebnisse möchte.",stimmt eher nicht,stimmt eher,stimmt eher nicht,stimmt eher nicht,stimmt eher nicht,stimmt eher,stimmt eher nicht,stimmt eher,stimmt eher,stimmt eher,stimmt eher,stimmt eher nicht,stimmt eher,stimmt eher nicht,stimmt gar nicht,stimmt gar nicht,stimmt eher,stimmt eher,stimmt eher,stimmt eher,stimmt eher,stimmt genau,stimmt eher,stimmt gar nicht,stimmt genau,stimmt eher,stimmt eher,stimmt eher
12/17/2017 9:51:38,Das ist mein erstes Mal,männlich,20 bis 30 Jahre,Realschule,Meister,Ich bin Angestellter.,1000 - 3000 EURO,"Ja, weil ich aussagekräftige Ergebnisse möchte.",stimmt eher,stimmt eher,stimmt eher nicht,stimmt gar nicht,stimmt eher,stimmt eher,stimmt gar nicht,stimmt eher nicht,stimmt eher nicht,stimmt eher nicht,stimmt eher nicht,stimmt eher,stimmt eher,stimmt eher nicht,stimmt gar nicht,stimmt gar nicht,stimmt genau,stimmt genau,stimmt genau,stimmt eher,stimmt genau,stimmt eher,stimmt eher,stimmt eher nicht,stimmt eher nicht,stimmt eher nicht,stimmt eher nicht,stimmt eher
12/17/2017 10:36:49,Das ist mein erstes Mal,männlich,20 bis 30 Jahre,Fachabitur,Meister,Ich bin Angestellter.,1000 - 3000 EURO,"Ja, weil ich aussagekräftige Ergebnisse möchte.",stimmt eher,stimmt genau,stimmt eher nicht,stimmt gar nicht,stimmt eher nicht,stimmt eher,stimmt eher,stimmt eher nicht,stimmt eher,stimmt eher,stimmt eher nicht,stimmt eher,stimmt eher,stimmt eher nicht,stimmt gar nicht,stimmt gar nicht,stimmt eher,stimmt genau,stimmt eher,stimmt eher,stimmt genau,stimmt eher,stimmt eher nicht,stimmt eher,stimmt eher nicht,stimmt genau,stimmt eher,stimmt eher
12/17/2017 11:00:14,Das ist mein erstes Mal,männlich,20 bis 30 Jahre,Abitur,Lehre,Ich bin Angestellter.,1000 - 3000 EURO,"Ja, weil ich aussagekräftige Ergebnisse möchte.",stimmt eher nicht,stimmt genau,stimmt eher nicht,stimmt eher nicht,stimmt eher nicht,stimmt eher,stimmt eher nicht,stimmt eher,stimmt eher,stimmt eher,stimmt eher,stimmt eher,stimmt eher,stimmt eher nicht,stimmt gar nicht,stimmt gar nicht,stimmt genau,stimmt genau,stimmt genau,stimmt eher nicht,stimmt genau,stimmt eher,stimmt eher nicht,stimmt eher nicht,stimmt eher nicht,stimmt eher nicht,stimmt eher nicht,stimmt eher
12/17/2017 12:26:02,Das ist mein erstes Mal,weiblich,20 bis 30 Jahre,Fachabitur,Bachelor,Ich bin Angestellter.,1000 - 3000 EURO,"Ja, weil ich aussagekräftige Ergebnisse möchte.",stimmt eher,stimmt genau,stimmt genau,stimmt genau,stimmt genau,stimmt genau,stimmt gar nicht,stimmt genau,stimmt genau,stimmt eher,stimmt genau,stimmt eher,stimmt genau,stimmt eher nicht,stimmt genau,stimmt eher,stimmt genau,stimmt eher nicht,stimmt eher nicht,stimmt eher nicht,stimmt genau,stimmt genau,stimmt genau,stimmt eher,stimmt genau,stimmt eher,stimmt eher,stimmt eher nicht
12/17/2017 12:40:18,Das ist mein erstes Mal,weiblich,20 bis 30 Jahre,Realschule,Lehre,Ich bin Angestellter.,1000 - 3000 EURO,"Ja, weil ich aussagekräftige Ergebnisse möchte.",stimmt genau,stimmt eher,stimmt eher nicht,stimmt gar nicht,stimmt eher,stimmt eher,stimmt gar nicht,stimmt gar nicht,stimmt eher,stimmt eher,stimmt eher nicht,stimmt eher,stimmt eher nicht,stimmt eher,stimmt eher,stimmt eher,stimmt eher,stimmt eher nicht,stimmt eher,stimmt eher,stimmt genau,stimmt eher,stimmt eher nicht,stimmt eher,stimmt eher,stimmt eher nicht,stimmt eher,stimmt gar nicht
12/17/2017 14:10:58,Das ist mein erstes Mal,männlich,31 bis 40 Jahre,Abitur,Bachelor,Ich bin Angestellter.,5000 - 7000 EURO,"Ja, weil ich aussagekräftige Ergebnisse möchte.",stimmt eher nicht,stimmt genau,stimmt eher nicht,stimmt eher,stimmt eher,stimmt eher,stimmt eher,stimmt eher,stimmt eher,stimmt eher,stimmt eher,stimmt eher,stimmt eher,stimmt eher nicht,stimmt eher nicht,stimmt eher nicht,stimmt eher nicht,stimmt eher,stimmt eher nicht,stimmt eher nicht,stimmt genau,stimmt eher nicht,stimmt eher nicht,stimmt eher nicht,stimmt eher nicht,stimmt eher nicht,stimmt eher nicht,stimmt eher nicht
12/17/2017 14:19:32,Das ist mein erstes Mal,weiblich,20 bis 30 Jahre,Fachabitur,Meister,Ich bin Angestellter.,1000 - 3000 EURO,"Ja, weil ich aussagekräftige Ergebnisse möchte.",stimmt genau,stimmt genau,stimmt eher nicht,stimmt eher nicht,stimmt eher,stimmt genau,stimmt eher,stimmt eher,stimmt eher,stimmt eher,stimmt eher nicht,stimmt eher nicht,stimmt eher,stimmt eher nicht,stimmt genau,stimmt genau,stimmt eher nicht,stimmt eher nicht,stimmt gar nicht,stimmt eher nicht,stimmt eher,stimmt genau,stimmt eher,stimmt eher,stimmt eher,stimmt eher nicht,stimmt eher nicht,stimmt genau
12/17/2017 14:54:59,Das ist mein erstes Mal,männlich,20 bis 30 Jahre,Realschule,Lehre,Ich bin Angestellter.,1000 - 3000 EURO,"Ja, weil ich aussagekräftige Ergebnisse möchte.",stimmt eher,stimmt eher nicht,stimmt eher nicht,stimmt genau,stimmt genau,stimmt eher,stimmt eher,stimmt eher,stimmt eher,stimmt eher,stimmt eher,stimmt eher nicht,stimmt eher nicht,stimmt eher,stimmt genau,stimmt genau,stimmt eher nicht,stimmt eher nicht,stimmt eher nicht,stimmt eher nicht,stimmt eher,stimmt genau,stimmt genau,stimmt eher nicht,stimmt eher,stimmt eher nicht,stimmt eher nicht,stimmt genau
12/17/2017 15:02:12,Das ist mein erstes Mal,männlich,20 bis 30 Jahre,Abitur,Lehre,Ich bin Angestellter.,3000 - 5000 EURO,"Ja, weil ich aussagekräftige Ergebnisse möchte.",stimmt eher,stimmt eher,stimmt eher,stimmt genau,stimmt eher nicht,stimmt eher,stimmt eher nicht,stimmt eher,stimmt eher,stimmt eher,stimmt eher nicht,stimmt gar nicht,stimmt gar nicht,stimmt eher nicht,stimmt eher nicht,stimmt genau,stimmt eher nicht,stimmt eher nicht,stimmt eher,stimmt eher nicht,stimmt genau,stimmt genau,stimmt eher nicht,stimmt eher nicht,stimmt eher,stimmt eher,stimmt eher,stimmt eher nicht
12/17/2017 15:14:39,Das ist mein erstes Mal,weiblich,20 bis 30 Jahre,anderes,Promotion,Ich bin Angestellter.,3000 - 5000 EURO,"Ja, weil ich aussagekräftige Ergebnisse möchte.",stimmt eher,stimmt genau,stimmt genau,stimmt eher nicht,stimmt eher,stimmt genau,stimmt eher,stimmt genau,stimmt eher,stimmt eher,stimmt eher,stimmt eher,stimmt genau,stimmt genau,stimmt genau,stimmt eher nicht,stimmt gar nicht,stimmt eher nicht,stimmt eher,stimmt genau,stimmt eher,stimmt eher,stimmt genau,stimmt eher nicht,stimmt genau,stimmt genau,stimmt genau,stimmt eher
12/17/2017 15:19:34,Das ist mein erstes Mal,weiblich,20 bis 30 Jahre,Realschule,Lehre,Ich bin Angestellter.,1000 - 3000 EURO,"Ja, weil ich aussagekräftige Ergebnisse möchte.",stimmt genau,stimmt genau,stimmt eher nicht,stimmt eher nicht,stimmt eher,stimmt eher,stimmt eher,stimmt eher nicht,stimmt eher,stimmt eher,stimmt eher nicht,stimmt eher nicht,stimmt eher,stimmt eher,stimmt genau,stimmt eher nicht,stimmt eher,stimmt eher nicht,stimmt eher,stimmt eher,stimmt eher,stimmt eher,stimmt eher nicht,stimmt eher nicht,stimmt eher nicht,stimmt eher,stimmt eher,stimmt eher
12/17/2017 15:24:04,Das ist mein erstes Mal,weiblich,20 bis 30 Jahre,Realschule,Lehre,Ich bin Angestellter.,3000 - 5000 EURO,"Ja, weil ich aussagekräftige Ergebnisse möchte.",stimmt eher,stimmt eher,stimmt eher,stimmt eher nicht,stimmt eher,stimmt eher,stimmt eher nicht,stimmt eher,stimmt eher,stimmt eher,stimmt eher nicht,stimmt eher nicht,stimmt eher,stimmt eher,stimmt eher nicht,stimmt eher nicht,stimmt eher,stimmt eher,stimmt eher,stimmt eher nicht,stimmt eher,stimmt eher nicht,stimmt eher nicht,stimmt eher nicht,stimmt eher nicht,stimmt eher,stimmt eher nicht,stimmt eher nicht
12/17/2017 15:26:18,Das ist mein erstes Mal,weiblich,20 bis 30 Jahre,Realschule,Lehre,Ich bin Angestellter.,1000 - 3000 EURO,"Ja, weil ich aussagekräftige Ergebnisse möchte.",stimmt genau,stimmt genau,stimmt eher nicht,stimmt genau,stimmt genau,stimmt genau,stimmt eher,stimmt eher,stimmt eher,stimmt eher,stimmt eher,stimmt eher,stimmt eher,stimmt eher,stimmt genau,stimmt genau,stimmt eher nicht,stimmt eher nicht,stimmt eher nicht,stimmt eher nicht,stimmt eher nicht,stimmt eher,stimmt eher,stimmt eher,stimmt eher nicht,stimmt eher nicht,stimmt eher nicht,stimmt eher
12/17/2017 15:27:10,Das ist mein erstes Mal,weiblich,31 bis 40 Jahre,Abitur,Master,Ich bin Angestellter.,1000 - 3000 EURO,"Ja, weil ich aussagekräftige Ergebnisse möchte.",stimmt genau,stimmt genau,stimmt eher,stimmt genau,stimmt genau,stimmt genau,stimmt genau,stimmt genau,stimmt eher,stimmt eher,stimmt eher,stimmt eher,stimmt eher,stimmt eher nicht,stimmt eher nicht,stimmt eher nicht,stimmt eher,stimmt eher,stimmt eher,stimmt eher,stimmt genau,stimmt genau,stimmt genau,stimmt eher nicht,stimmt eher,stimmt eher,stimmt eher,stimmt eher
12/17/2017 15:38:30,Das ist mein erstes Mal,weiblich,41 bis 50 Jahre,Abitur,Master,Ich bin Angestellter.,> 9000 EURO,"Ja, weil ich aussagekräftige Ergebnisse möchte.",stimmt eher,stimmt eher nicht,stimmt eher,stimmt eher nicht,stimmt eher,stimmt eher,stimmt eher,stimmt eher,stimmt eher nicht,stimmt eher nicht,stimmt genau,stimmt eher,stimmt eher,stimmt eher,stimmt eher,stimmt eher nicht,stimmt eher,stimmt eher nicht,stimmt eher nicht,stimmt genau,stimmt eher,stimmt eher,stimmt eher,stimmt genau,stimmt eher nicht,stimmt eher,stimmt eher,stimmt gar nicht
12/17/2017 15:40:44,Das ist mein erstes Mal,männlich,20 bis 30 Jahre,Abitur,Master,Ich bin Student.,< 1000 EURO,"Ja, weil ich aussagekräftige Ergebnisse möchte.",stimmt eher,stimmt genau,stimmt eher nicht,stimmt eher,stimmt genau,stimmt genau,stimmt eher,stimmt genau,stimmt eher,stimmt eher,stimmt eher,stimmt eher,stimmt eher nicht,stimmt eher nicht,stimmt eher nicht,stimmt gar nicht,stimmt genau,stimmt eher,stimmt genau,stimmt genau,stimmt genau,stimmt genau,stimmt genau,stimmt eher nicht,stimmt eher,stimmt eher,stimmt genau,stimmt eher
12/17/2017 15:59:12,Das ist mein erstes Mal,weiblich,20 bis 30 Jahre,Abitur,Lehre,Ich bin Student.,< 1000 EURO,"Ja, weil ich aussagekräftige Ergebnisse möchte.",stimmt genau,stimmt genau,stimmt eher nicht,stimmt gar nicht,stimmt eher,stimmt genau,stimmt eher,stimmt genau,stimmt genau,stimmt genau,stimmt eher,stimmt eher nicht,stimmt eher,stimmt eher nicht,stimmt eher,stimmt eher nicht,stimmt eher,stimmt eher,stimmt eher,stimmt eher nicht,stimmt eher nicht,stimmt genau,stimmt genau,stimmt eher nicht,stimmt eher,stimmt eher,stimmt eher,stimmt eher
12/17/2017 16:13:23,Das ist mein erstes Mal,männlich,20 bis 30 Jahre,Hauptschule,Lehre,Ich bin Arbeiter.,1000 - 3000 EURO,"Ja, weil ich aussagekräftige Ergebnisse möchte.",stimmt eher,stimmt eher,stimmt eher,stimmt gar nicht,stimmt eher,stimmt eher nicht,stimmt eher,stimmt eher nicht,stimmt eher,stimmt eher,stimmt eher nicht,stimmt eher nicht,stimmt eher,stimmt eher nicht,stimmt eher,stimmt eher nicht,stimmt eher nicht,stimmt eher,stimmt eher,stimmt eher nicht,stimmt eher nicht,stimmt eher nicht,stimmt eher,stimmt eher,stimmt eher nicht,stimmt eher nicht,stimmt eher nicht,stimmt eher
12/17/2017 16:35:39,Das ist mein erstes Mal,weiblich,20 bis 30 Jahre,Abitur,anderes,Ich bin Student.,< 1000 EURO,"Ja, weil ich aussagekräftige Ergebnisse möchte.",stimmt eher,stimmt genau,stimmt eher nicht,stimmt eher,stimmt genau,stimmt genau,stimmt eher nicht,stimmt eher,stimmt eher,stimmt eher,stimmt eher,stimmt eher,stimmt eher,stimmt eher nicht,stimmt genau,stimmt eher nicht,stimmt eher nicht,stimmt eher,stimmt eher nicht,stimmt eher nicht,stimmt genau,stimmt eher nicht,stimmt eher,stimmt gar nicht,stimmt eher,stimmt eher nicht,stimmt eher,stimmt eher nicht
12/17/2017 16:35:45,Das ist mein erstes Mal,weiblich,20 bis 30 Jahre,Abitur,anderes,Ich bin Student.,< 1000 EURO,"Ja, weil ich aussagekräftige Ergebnisse möchte.",stimmt eher,stimmt genau,stimmt genau,stimmt eher nicht,stimmt eher,stimmt eher,stimmt genau,stimmt eher,stimmt eher nicht,stimmt genau,stimmt eher,stimmt genau,stimmt eher nicht,stimmt eher,stimmt genau,stimmt eher,stimmt eher,stimmt eher nicht,stimmt eher,stimmt genau,stimmt eher,stimmt eher,stimmt genau,stimmt eher nicht,stimmt eher nicht,stimmt genau,stimmt eher,stimmt eher nicht
12/17/2017 17:18:03,Das ist mein erstes Mal,weiblich,älter als 50 Jahre,Abitur,anderes,Ich bin Beamter.,3000 - 5000 EURO,"Ja, weil ich aussagekräftige Ergebnisse möchte.",stimmt eher,stimmt genau,stimmt eher nicht,stimmt eher nicht,stimmt eher,stimmt genau,stimmt genau,stimmt eher,stimmt eher nicht,stimmt genau,stimmt eher nicht,stimmt eher nicht,stimmt genau,stimmt eher nicht,stimmt eher nicht,stimmt gar nicht,stimmt eher,stimmt eher,stimmt eher,stimmt genau,stimmt genau,stimmt eher,stimmt genau,stimmt eher nicht,stimmt eher,stimmt eher,stimmt eher,stimmt eher
12/17/2017 17:35:11,Das ist mein erstes Mal,weiblich,20 bis 30 Jahre,Abitur,Bachelor,Ich bin Angestellter.,3000 - 5000 EURO,"Ja, weil ich aussagekräftige Ergebnisse möchte.",stimmt genau,stimmt genau,stimmt genau,stimmt eher nicht,stimmt eher,stimmt eher,stimmt eher,stimmt eher,stimmt eher,stimmt eher,stimmt eher,stimmt eher nicht,stimmt eher,stimmt eher nicht,stimmt genau,stimmt genau,stimmt eher nicht,stimmt eher,stimmt eher nicht,stimmt eher nicht,stimmt eher nicht,stimmt genau,stimmt genau,stimmt eher,stimmt eher,stimmt eher,stimmt eher,stimmt eher
12/17/2017 17:56:48,Das ist mein erstes Mal,weiblich,20 bis 30 Jahre,Realschule,Lehre,Ich bin Angestellter.,1000 - 3000 EURO,"Ja, weil ich aussagekräftige Ergebnisse möchte.",stimmt eher,stimmt genau,stimmt genau,stimmt eher,stimmt genau,stimmt genau,stimmt eher,stimmt eher,stimmt genau,stimmt eher nicht,stimmt eher nicht,stimmt eher,stimmt genau,stimmt eher nicht,stimmt genau,stimmt genau,stimmt eher nicht,stimmt eher nicht,stimmt eher,stimmt eher nicht,stimmt genau,stimmt eher nicht,stimmt eher,stimmt genau,stimmt eher,stimmt eher nicht,stimmt eher nicht,stimmt eher nicht
12/17/2017 18:28:11,Das ist mein erstes Mal,weiblich,20 bis 30 Jahre,Fachabitur,Bachelor,Ich bin Arbeiter.,1000 - 3000 EURO,"Ja, weil ich aussagekräftige Ergebnisse möchte.",stimmt eher,stimmt genau,stimmt genau,stimmt eher,stimmt eher,stimmt eher,stimmt eher,stimmt eher,stimmt eher nicht,stimmt eher,stimmt eher nicht,stimmt eher nicht,stimmt gar nicht,stimmt eher nicht,stimmt genau,stimmt eher,stimmt eher nicht,stimmt eher nicht,stimmt eher,stimmt eher nicht,stimmt genau,stimmt eher,stimmt eher nicht,stimmt eher nicht,stimmt eher,stimmt gar nicht,stimmt eher nicht,stimmt eher nicht
12/17/2017 18:41:40,Das ist mein erstes Mal,weiblich,20 bis 30 Jahre,Realschule,Lehre,Ich bin Angestellter.,3000 - 5000 EURO,"Ja, weil ich aussagekräftige Ergebnisse möchte.",stimmt genau,stimmt genau,stimmt eher,stimmt eher nicht,stimmt eher,stimmt eher,stimmt eher nicht,stimmt eher nicht,stimmt eher nicht,stimmt eher nicht,stimmt eher nicht,stimmt gar nicht,stimmt eher,stimmt eher nicht,stimmt eher,stimmt eher nicht,stimmt eher,stimmt eher,stimmt eher,stimmt eher,stimmt eher,stimmt eher,stimmt eher,stimmt eher,stimmt eher nicht,stimmt eher nicht,stimmt eher nicht,stimmt eher
12/17/2017 19:14:33,Das ist mein erstes Mal,weiblich,20 bis 30 Jahre,Abitur,Bachelor,Ich bin Angestellter.,1000 - 3000 EURO,"Ja, weil ich aussagekräftige Ergebnisse möchte.",stimmt eher,stimmt genau,stimmt eher nicht,stimmt eher nicht,stimmt eher,stimmt eher,stimmt gar nicht,stimmt eher,stimmt genau,stimmt genau,stimmt eher,stimmt eher nicht,stimmt eher nicht,stimmt eher,stimmt eher,stimmt eher nicht,stimmt genau,stimmt eher,stimmt genau,stimmt eher nicht,stimmt eher,stimmt genau,stimmt eher,stimmt eher nicht,stimmt eher,stimmt eher,stimmt genau,stimmt genau
12/17/2017 19:29:01,Das ist mein erstes Mal,männlich,31 bis 40 Jahre,Realschule,Lehre,Ich bin selbständig.,3000 - 5000 EURO,"Ja, weil ich aussagekräftige Ergebnisse möchte.",stimmt eher nicht,stimmt eher,stimmt eher nicht,stimmt eher nicht,stimmt eher nicht,stimmt eher,stimmt eher nicht,stimmt eher,stimmt eher,stimmt eher,stimmt eher,stimmt eher nicht,stimmt eher,stimmt eher nicht,stimmt eher nicht,stimmt genau,stimmt eher,stimmt eher,stimmt eher,stimmt eher,stimmt eher,stimmt genau,stimmt eher,stimmt eher nicht,stimmt eher,stimmt eher,stimmt eher,stimmt eher
12/17/2017 19:32:58,Das ist mein erstes Mal,weiblich,20 bis 30 Jahre,Realschule,Lehre,Ich bin Angestellter.,1000 - 3000 EURO,"Ja, weil ich aussagekräftige Ergebnisse möchte.",stimmt genau,stimmt eher,stimmt eher,stimmt eher,stimmt genau,stimmt genau,stimmt eher nicht,stimmt genau,stimmt eher,stimmt genau,stimmt genau,stimmt genau,stimmt eher nicht,stimmt eher,stimmt genau,stimmt eher nicht,stimmt eher,stimmt eher,stimmt eher nicht,stimmt genau,stimmt genau,stimmt eher,stimmt eher,stimmt eher nicht,stimmt eher nicht,stimmt eher,stimmt eher,stimmt eher nicht
12/17/2017 19:33:13,Das ist mein erstes Mal,weiblich,20 bis 30 Jahre,Realschule,Lehre,Ich bin Angestellter.,1000 - 3000 EURO,"Ja, weil ich aussagekräftige Ergebnisse möchte.",stimmt genau,stimmt genau,stimmt eher nicht,stimmt eher nicht,stimmt eher,stimmt genau,stimmt eher,stimmt genau,stimmt eher,stimmt genau,stimmt eher,stimmt eher,stimmt eher,stimmt eher,stimmt eher nicht,stimmt gar nicht,stimmt eher,stimmt eher,stimmt eher,stimmt eher,stimmt eher,stimmt eher,stimmt eher,stimmt gar nicht,stimmt eher nicht,stimmt eher,stimmt eher,stimmt eher
12/17/2017 19:33:55,Das ist mein erstes Mal,weiblich,jünger als 20 Jahre,Hauptschule,Lehre,Ich bin Angestellter.,1000 - 3000 EURO,"Ja, weil ich aussagekräftige Ergebnisse möchte.",stimmt eher,stimmt genau,stimmt eher,stimmt eher,stimmt eher nicht,stimmt eher nicht,stimmt eher nicht,stimmt eher,stimmt eher,stimmt eher,stimmt eher,stimmt eher nicht,stimmt eher,stimmt eher,stimmt genau,stimmt eher,stimmt eher,stimmt eher nicht,stimmt eher nicht,stimmt eher nicht,stimmt eher nicht,stimmt genau,stimmt eher,stimmt eher nicht,stimmt eher,stimmt eher,stimmt eher,stimmt eher
12/17/2017 19:35:14,Das ist mein erstes Mal,männlich,20 bis 30 Jahre,Fachabitur,Meister,Ich bin Angestellter.,3000 - 5000 EURO,"Ja, weil ich aussagekräftige Ergebnisse möchte.",stimmt eher nicht,stimmt genau,stimmt eher,stimmt eher nicht,stimmt eher nicht,stimmt eher nicht,stimmt eher,stimmt eher,stimmt eher,stimmt eher,stimmt eher,stimmt eher,stimmt eher,stimmt eher,stimmt eher nicht,stimmt gar nicht,stimmt eher,stimmt genau,stimmt genau,stimmt eher,stimmt eher,stimmt eher,stimmt eher,stimmt eher nicht,stimmt eher,stimmt genau,stimmt genau,stimmt eher nicht
12/17/2017 19:35:22,Das ist mein zweites Mal,weiblich,jünger als 20 Jahre,Realschule,Lehre,Ich bin Angestellter.,< 1000 EURO,"Ja, weil ich aussagekräftige Ergebnisse möchte.",stimmt eher nicht,stimmt genau,stimmt eher,stimmt eher nicht,stimmt genau,stimmt eher nicht,stimmt eher,stimmt eher,stimmt eher,stimmt eher,stimmt eher nicht,stimmt eher nicht,stimmt eher,stimmt eher nicht,stimmt eher,stimmt eher nicht,stimmt genau,stimmt eher nicht,stimmt gar nicht,stimmt eher nicht,stimmt genau,stimmt eher nicht,stimmt genau,stimmt eher,stimmt eher,stimmt eher nicht,stimmt eher nicht,stimmt eher
12/17/2017 19:35:36,Das ist mein erstes Mal,weiblich,20 bis 30 Jahre,Realschule,Lehre,Ich bin Arbeiter.,< 1000 EURO,"Ja, weil ich aussagekräftige Ergebnisse möchte.",stimmt eher nicht,stimmt genau,stimmt eher,stimmt eher nicht,stimmt eher,stimmt genau,stimmt eher nicht,stimmt eher,stimmt genau,stimmt genau,stimmt genau,stimmt eher,stimmt eher,stimmt eher,stimmt eher,stimmt eher nicht,stimmt eher,stimmt eher,stimmt eher,stimmt eher,stimmt eher nicht,stimmt eher nicht,stimmt eher,stimmt gar nicht,stimmt genau,stimmt eher,stimmt eher,stimmt eher
12/17/2017 19:36:12,Das ist mein erstes Mal,weiblich,20 bis 30 Jahre,Realschule,Lehre,anderes,< 1000 EURO,"Ja, weil ich aussagekräftige Ergebnisse möchte.",stimmt eher,stimmt eher,stimmt eher,stimmt eher nicht,stimmt eher,stimmt eher,stimmt eher,stimmt genau,stimmt eher,stimmt eher,stimmt eher,stimmt eher nicht,stimmt eher nicht,stimmt eher,stimmt genau,stimmt eher nicht,stimmt eher nicht,stimmt eher,stimmt eher,stimmt genau,stimmt eher nicht,stimmt genau,stimmt eher,stimmt eher nicht,stimmt eher nicht,stimmt eher,stimmt eher,stimmt eher
12/17/2017 19:37:16,Das ist mein erstes Mal,männlich,31 bis 40 Jahre,Hauptschule,Lehre,Ich bin selbständig.,7000 - 9000 EURO,"Ja, weil ich aussagekräftige Ergebnisse möchte.",stimmt eher nicht,stimmt genau,stimmt genau,stimmt eher nicht,stimmt genau,stimmt eher,stimmt genau,stimmt eher,stimmt eher,stimmt genau,stimmt eher,stimmt eher nicht,stimmt eher,stimmt eher nicht,stimmt genau,stimmt eher nicht,stimmt eher,stimmt eher,stimmt eher,stimmt genau,stimmt eher nicht,stimmt eher,stimmt eher,stimmt genau,stimmt eher,stimmt eher nicht,stimmt eher,stimmt eher
12/17/2017 19:38:52,Das ist mein erstes Mal,weiblich,20 bis 30 Jahre,Realschule,Lehre,Ich bin Angestellter.,1000 - 3000 EURO,"Ja, weil ich aussagekräftige Ergebnisse möchte.",stimmt eher nicht,stimmt genau,stimmt eher,stimmt eher nicht,stimmt eher,stimmt genau,stimmt eher,stimmt eher,stimmt genau,stimmt genau,stimmt genau,stimmt eher,stimmt genau,stimmt eher,stimmt eher,stimmt eher,stimmt eher,stimmt eher,stimmt eher,stimmt eher,stimmt genau,stimmt eher,stimmt genau,stimmt eher nicht,stimmt eher,stimmt genau,stimmt eher,stimmt eher
12/17/2017 19:42:02,Das ist mein erstes Mal,weiblich,20 bis 30 Jahre,Realschule,Lehre,Ich bin Angestellter.,1000 - 3000 EURO,"Ja, weil ich aussagekräftige Ergebnisse möchte.",stimmt eher nicht,stimmt genau,stimmt gar nicht,stimmt eher nicht,stimmt gar nicht,stimmt genau,stimmt eher,stimmt genau,stimmt genau,stimmt genau,stimmt genau,stimmt eher,stimmt genau,stimmt genau,stimmt gar nicht,stimmt gar nicht,stimmt eher,stimmt genau,stimmt genau,stimmt genau,stimmt eher,stimmt genau,stimmt genau,stimmt gar nicht,stimmt genau,stimmt genau,stimmt genau,stimmt genau
12/17/2017 19:46:03,Das ist mein erstes Mal,weiblich,20 bis 30 Jahre,Realschule,Lehre,Ich bin Angestellter.,1000 - 3000 EURO,"Ja, weil ich aussagekräftige Ergebnisse möchte.",stimmt eher nicht,stimmt genau,stimmt gar nicht,stimmt eher nicht,stimmt genau,stimmt eher,stimmt gar nicht,stimmt eher nicht,stimmt eher,stimmt eher nicht,stimmt eher,stimmt eher,stimmt eher,stimmt eher nicht,stimmt eher,stimmt eher nicht,stimmt eher nicht,stimmt eher nicht,stimmt eher,stimmt eher,stimmt eher,stimmt eher,stimmt eher nicht,stimmt eher nicht,stimmt genau,stimmt eher nicht,stimmt eher nicht,stimmt eher
12/17/2017 19:47:05,Das ist mein erstes Mal,weiblich,20 bis 30 Jahre,Realschule,Lehre,Ich bin Angestellter.,1000 - 3000 EURO,"Ja, weil ich aussagekräftige Ergebnisse möchte.",stimmt eher,stimmt genau,stimmt eher nicht,stimmt gar nicht,stimmt eher,stimmt eher,stimmt gar nicht,stimmt eher,stimmt eher,stimmt genau,stimmt eher,stimmt eher,stimmt eher,stimmt eher,stimmt eher,stimmt eher,stimmt eher nicht,stimmt eher nicht,stimmt gar nicht,stimmt eher nicht,stimmt eher nicht,stimmt eher,stimmt genau,stimmt genau,stimmt eher,stimmt genau,stimmt genau,stimmt eher
12/17/2017 19:48:24,Das ist mein erstes Mal,weiblich,20 bis 30 Jahre,Realschule,Lehre,Ich bin Angestellter.,1000 - 3000 EURO,"Ja, weil ich aussagekräftige Ergebnisse möchte.",stimmt eher,stimmt genau,stimmt eher,stimmt genau,stimmt eher,stimmt eher,stimmt eher nicht,stimmt eher,stimmt eher,stimmt eher,stimmt eher nicht,stimmt eher nicht,stimmt eher,stimmt eher nicht,stimmt genau,stimmt eher nicht,stimmt eher nicht,stimmt eher,stimmt eher nicht,stimmt eher nicht,stimmt eher,stimmt eher,stimmt eher,stimmt eher,stimmt eher nicht,stimmt eher nicht,stimmt eher,stimmt eher
12/17/2017 19:51:34,Das ist mein erstes Mal,männlich,41 bis 50 Jahre,Realschule,Lehre,Ich bin Angestellter.,> 9000 EURO,"Ja, weil ich aussagekräftige Ergebnisse möchte.",stimmt eher,stimmt genau,stimmt eher nicht,stimmt eher nicht,stimmt eher,stimmt genau,stimmt genau,stimmt eher,stimmt eher,stimmt genau,stimmt eher,stimmt eher nicht,stimmt genau,stimmt genau,stimmt eher,stimmt eher nicht,stimmt genau,stimmt eher,stimmt eher,stimmt genau,stimmt eher,stimmt genau,stimmt genau,stimmt gar nicht,stimmt genau,stimmt genau,stimmt genau,stimmt genau
12/17/2017 19:52:16,Das ist mein erstes Mal,männlich,jünger als 20 Jahre,Realschule,Lehre,Ich bin Angestellter.,< 1000 EURO,"Ja, weil ich aussagekräftige Ergebnisse möchte.",stimmt eher nicht,stimmt eher,stimmt eher nicht,stimmt gar nicht,stimmt genau,stimmt eher,stimmt gar nicht,stimmt eher,stimmt eher,stimmt genau,stimmt eher nicht,stimmt eher nicht,stimmt genau,stimmt eher nicht,stimmt eher,stimmt eher nicht,stimmt genau,stimmt eher,stimmt genau,stimmt eher,stimmt genau,stimmt eher,stimmt eher,stimmt eher,stimmt eher,stimmt eher,stimmt eher nicht,stimmt gar nicht
12/17/2017 19:53:09,Das ist mein erstes Mal,weiblich,41 bis 50 Jahre,Realschule,Lehre,Ich bin Angestellter.,3000 - 5000 EURO,"Ja, weil ich aussagekräftige Ergebnisse möchte.",stimmt genau,stimmt genau,stimmt eher,stimmt eher,stimmt genau,stimmt genau,stimmt genau,stimmt genau,stimmt genau,stimmt eher,stimmt eher,stimmt eher nicht,stimmt eher,stimmt eher,stimmt eher,stimmt eher nicht,stimmt eher,stimmt eher,stimmt eher nicht,stimmt eher,stimmt eher nicht,stimmt eher,stimmt eher,stimmt eher nicht,stimmt eher nicht,stimmt eher,stimmt eher,stimmt genau
12/17/2017 20:03:16,Das ist mein erstes Mal,männlich,20 bis 30 Jahre,Abitur,Bachelor,Ich bin Angestellter.,3000 - 5000 EURO,"Ja, weil ich aussagekräftige Ergebnisse möchte.",stimmt eher nicht,stimmt genau,stimmt eher,stimmt gar nicht,stimmt eher nicht,stimmt eher,stimmt eher nicht,stimmt eher nicht,stimmt eher,stimmt eher,stimmt eher,stimmt eher,stimmt eher nicht,stimmt eher nicht,stimmt eher,stimmt eher nicht,stimmt eher,stimmt eher,stimmt eher nicht,stimmt eher,stimmt eher,stimmt eher,stimmt eher,stimmt eher,stimmt eher,stimmt eher nicht,stimmt eher nicht,stimmt eher nicht
12/17/2017 20:09:52,Das ist mein erstes Mal,weiblich,31 bis 40 Jahre,Abitur,anderes,Ich bin Angestellter.,1000 - 3000 EURO,"Ja, weil ich aussagekräftige Ergebnisse möchte.",stimmt eher,stimmt genau,stimmt eher,stimmt gar nicht,stimmt gar nicht,stimmt eher,stimmt eher nicht,stimmt genau,stimmt genau,stimmt genau,stimmt eher,stimmt eher,stimmt genau,stimmt eher nicht,stimmt eher,stimmt eher,stimmt eher nicht,stimmt eher,stimmt eher nicht,stimmt gar nicht,stimmt eher nicht,stimmt eher nicht,stimmt eher nicht,stimmt gar nicht,stimmt eher,stimmt gar nicht,stimmt gar nicht,stimmt eher
12/17/2017 20:14:17,Das ist mein erstes Mal,weiblich,20 bis 30 Jahre,Hauptschule,anderes,Ich bin Angestellter.,1000 - 3000 EURO,"Ja, weil ich aussagekräftige Ergebnisse möchte.",stimmt eher nicht,stimmt eher,stimmt gar nicht,stimmt gar nicht,stimmt eher nicht,stimmt eher nicht,stimmt eher nicht,stimmt eher nicht,stimmt eher nicht,stimmt eher nicht,stimmt gar nicht,stimmt gar nicht,stimmt eher,stimmt gar nicht,stimmt eher nicht,stimmt eher nicht,stimmt eher nicht,stimmt eher nicht,stimmt eher nicht,stimmt eher nicht,stimmt genau,stimmt eher nicht,stimmt eher,stimmt eher nicht,stimmt eher nicht,stimmt eher nicht,stimmt eher nicht,stimmt eher nicht
12/17/2017 20:26:37,Das ist mein erstes Mal,männlich,20 bis 30 Jahre,Abitur,Meister,Ich bin Angestellter.,3000 - 5000 EURO,"Ja, weil ich aussagekräftige Ergebnisse möchte.",stimmt eher nicht,stimmt genau,stimmt eher nicht,stimmt eher nicht,stimmt eher,stimmt eher nicht,stimmt gar nicht,stimmt genau,stimmt eher,stimmt genau,stimmt eher,stimmt eher,stimmt genau,stimmt eher,stimmt eher nicht,stimmt eher nicht,stimmt genau,stimmt genau,stimmt genau,stimmt genau,stimmt genau,stimmt eher,stimmt eher,stimmt eher,stimmt eher,stimmt eher nicht,stimmt eher nicht,stimmt eher nicht
12/17/2017 20:43:42,Das ist mein erstes Mal,weiblich,31 bis 40 Jahre,Realschule,Lehre,Ich bin Angestellter.,7000 - 9000 EURO,"Ja, weil ich aussagekräftige Ergebnisse möchte.",stimmt eher nicht,stimmt genau,stimmt eher,stimmt gar nicht,stimmt eher,stimmt eher,stimmt genau,stimmt genau,stimmt eher,stimmt genau,stimmt eher,stimmt eher,stimmt eher,stimmt eher,stimmt eher nicht,stimmt gar nicht,stimmt genau,stimmt eher,stimmt eher,stimmt eher,stimmt genau,stimmt genau,stimmt eher,stimmt gar nicht,stimmt eher,stimmt genau,stimmt genau,stimmt eher
12/17/2017 20:45:21,Das ist mein erstes Mal,weiblich,31 bis 40 Jahre,Realschule,Lehre,Ich bin Angestellter.,3000 - 5000 EURO,"Ja, weil ich aussagekräftige Ergebnisse möchte.",stimmt eher nicht,stimmt genau,stimmt eher nicht,stimmt eher nicht,stimmt gar nicht,stimmt eher,stimmt genau,stimmt eher,stimmt eher,stimmt eher nicht,stimmt eher nicht,stimmt gar nicht,stimmt eher,stimmt eher,stimmt genau,stimmt eher nicht,stimmt eher,stimmt eher,stimmt eher,stimmt genau,stimmt eher,stimmt eher,stimmt eher,stimmt gar nicht,stimmt eher,stimmt eher,stimmt eher,stimmt eher nicht
12/17/2017 20:51:40,Das ist mein erstes Mal,weiblich,41 bis 50 Jahre,Abitur,Lehre,Ich bin Angestellter.,1000 - 3000 EURO,"Ja, weil ich aussagekräftige Ergebnisse möchte.",stimmt eher,stimmt genau,stimmt eher,stimmt eher,stimmt eher,stimmt eher,stimmt eher nicht,stimmt eher,stimmt eher,stimmt eher,stimmt eher nicht,stimmt eher nicht,stimmt eher,stimmt eher nicht,stimmt genau,stimmt genau,stimmt gar nicht,stimmt eher nicht,stimmt eher nicht,stimmt eher nicht,stimmt eher nicht,stimmt eher,stimmt eher,stimmt genau,stimmt eher,stimmt eher nicht,stimmt eher nicht,stimmt eher nicht
12/17/2017 20:56:01,Das ist mein erstes Mal,weiblich,20 bis 30 Jahre,Realschule,Lehre,Ich bin Angestellter.,3000 - 5000 EURO,"Ja, weil ich aussagekräftige Ergebnisse möchte.",stimmt genau,stimmt genau,stimmt eher nicht,stimmt genau,stimmt genau,stimmt genau,stimmt genau,stimmt eher nicht,stimmt gar nicht,stimmt eher nicht,stimmt gar nicht,stimmt gar nicht,stimmt gar nicht,stimmt eher nicht,stimmt eher,stimmt genau,stimmt eher nicht,stimmt eher nicht,stimmt eher,stimmt genau,stimmt genau,stimmt eher,stimmt eher,stimmt genau,stimmt eher,stimmt genau,stimmt eher,stimmt eher nicht
12/17/2017 21:19:32,Das ist mein erstes Mal,weiblich,20 bis 30 Jahre,anderes,Lehre,Ich bin Angestellter.,< 1000 EURO,"Ja, weil ich aussagekräftige Ergebnisse möchte.",stimmt eher nicht,stimmt genau,stimmt eher nicht,stimmt eher nicht,stimmt genau,stimmt genau,stimmt eher,stimmt eher,stimmt eher,stimmt genau,stimmt eher,stimmt genau,stimmt eher nicht,stimmt eher,stimmt genau,stimmt eher nicht,stimmt eher,stimmt eher,stimmt eher nicht,stimmt genau,stimmt genau,stimmt eher,stimmt eher,stimmt eher nicht,stimmt eher nicht,stimmt genau,stimmt eher,stimmt genau
12/17/2017 21:49:52,Das ist mein erstes Mal,weiblich,20 bis 30 Jahre,Hauptschule,Lehre,Ich bin Angestellter.,1000 - 3000 EURO,"Ja, weil ich aussagekräftige Ergebnisse möchte.",stimmt eher,stimmt eher nicht,stimmt eher nicht,stimmt eher nicht,stimmt genau,stimmt eher,stimmt eher nicht,stimmt eher,stimmt eher nicht,stimmt eher nicht,stimmt eher nicht,stimmt eher nicht,stimmt eher nicht,stimmt genau,stimmt eher,stimmt eher,stimmt eher nicht,stimmt eher,stimmt eher,stimmt eher nicht,stimmt eher nicht,stimmt eher nicht,stimmt eher,stimmt eher,stimmt eher nicht,stimmt eher nicht,stimmt eher nicht,stimmt eher nicht
12/17/2017 21:54:18,Das ist mein erstes Mal,weiblich,31 bis 40 Jahre,Realschule,Lehre,Ich bin Angestellter.,< 1000 EURO,"Ja, weil ich aussagekräftige Ergebnisse möchte.",stimmt eher,stimmt genau,stimmt genau,stimmt eher nicht,stimmt eher nicht,stimmt eher,stimmt eher nicht,stimmt eher,stimmt eher,stimmt eher,stimmt eher nicht,stimmt eher nicht,stimmt eher,stimmt gar nicht,stimmt genau,stimmt eher nicht,stimmt eher,stimmt eher nicht,stimmt eher nicht,stimmt eher nicht,stimmt genau,stimmt eher,stimmt eher nicht,stimmt eher,stimmt eher nicht,stimmt eher nicht,stimmt eher nicht,stimmt eher
12/17/2017 22:21:53,Das ist mein erstes Mal,weiblich,41 bis 50 Jahre,Realschule,Lehre,Ich bin Angestellter.,3000 - 5000 EURO,"Ja, weil ich aussagekräftige Ergebnisse möchte.",stimmt genau,stimmt genau,stimmt genau,stimmt genau,stimmt eher,stimmt eher,stimmt genau,stimmt eher,stimmt eher nicht,stimmt eher,stimmt genau,stimmt gar nicht,stimmt eher nicht,stimmt genau,stimmt eher nicht,stimmt eher,stimmt eher nicht,stimmt eher nicht,stimmt eher,stimmt eher,stimmt genau,stimmt eher,stimmt genau,stimmt eher,stimmt eher,stimmt genau,stimmt eher,stimmt eher nicht
12/17/2017 22:24:54,Das ist mein zweites Mal,weiblich,20 bis 30 Jahre,Realschule,anderes,Ich bin Arbeiter.,< 1000 EURO,"Ja, weil ich aussagekräftige Ergebnisse möchte.",stimmt genau,stimmt genau,stimmt eher,stimmt eher,stimmt genau,stimmt eher,stimmt gar nicht,stimmt eher,stimmt eher,stimmt eher nicht,stimmt eher,stimmt genau,stimmt genau,stimmt eher nicht,stimmt genau,stimmt genau,stimmt eher,stimmt gar nicht,stimmt eher,stimmt genau,stimmt genau,stimmt genau,stimmt eher nicht,stimmt genau,stimmt gar nicht,stimmt genau,stimmt eher,stimmt eher
12/17/2017 22:49:49,Das ist mein erstes Mal,weiblich,20 bis 30 Jahre,Fachabitur,Bachelor,Ich bin Student.,< 1000 EURO,"Ja, weil ich aussagekräftige Ergebnisse möchte.",stimmt eher,stimmt genau,stimmt eher nicht,stimmt genau,stimmt eher,stimmt eher,stimmt eher,stimmt eher nicht,stimmt eher nicht,stimmt eher,stimmt gar nicht,stimmt eher,stimmt eher nicht,stimmt eher nicht,stimmt genau,stimmt eher,stimmt eher nicht,stimmt eher,stimmt eher nicht,stimmt eher,stimmt genau,stimmt genau,stimmt genau,stimmt eher,stimmt eher,stimmt eher,stimmt eher,stimmt eher
12/17/2017 22:58:27,Das ist mein erstes Mal,männlich,20 bis 30 Jahre,Realschule,Lehre,Ich bin Angestellter.,1000 - 3000 EURO,"Ja, weil ich aussagekräftige Ergebnisse möchte.",stimmt eher nicht,stimmt genau,stimmt gar nicht,stimmt gar nicht,stimmt eher,stimmt eher nicht,stimmt eher nicht,stimmt eher,stimmt eher,stimmt genau,stimmt eher,stimmt eher nicht,stimmt eher nicht,stimmt eher nicht,stimmt eher,stimmt gar nicht,stimmt eher,stimmt eher nicht,stimmt eher nicht,stimmt eher nicht,stimmt genau,stimmt eher,stimmt genau,stimmt eher nicht,stimmt eher nicht,stimmt eher nicht,stimmt eher,stimmt eher nicht
12/17/2017 23:52:19,Das ist mein erstes Mal,weiblich,31 bis 40 Jahre,Realschule,Lehre,Ich bin Angestellter.,1000 - 3000 EURO,"Ja, weil ich aussagekräftige Ergebnisse möchte.",stimmt eher,stimmt genau,stimmt eher nicht,stimmt gar nicht,stimmt eher,stimmt eher,stimmt eher nicht,stimmt eher nicht,stimmt eher nicht,stimmt eher nicht,stimmt gar nicht,stimmt gar nicht,stimmt eher,stimmt gar nicht,stimmt eher,stimmt eher nicht,stimmt eher nicht,stimmt eher,stimmt eher,stimmt eher nicht,stimmt eher,stimmt eher,stimmt eher,stimmt eher,stimmt eher nicht,stimmt eher nicht,stimmt gar nicht,stimmt eher nicht
12/18/2017 12:01:44,Mehr als zwei Mal,männlich,20 bis 30 Jahre,Abitur,Lehre,Ich bin Student.,< 1000 EURO,"Ja, weil ich aussagekräftige Ergebnisse möchte.",stimmt eher nicht,stimmt eher,stimmt eher nicht,stimmt gar nicht,stimmt eher nicht,stimmt genau,stimmt eher nicht,stimmt eher,stimmt genau,stimmt eher,stimmt eher,stimmt eher nicht,stimmt eher,stimmt eher,stimmt eher nicht,stimmt gar nicht,stimmt eher,stimmt eher,stimmt eher,stimmt eher nicht,stimmt eher,stimmt eher,stimmt genau,stimmt eher nicht,stimmt eher nicht,stimmt eher,stimmt eher,stimmt eher
12/18/2017 12:29:14,Das ist mein erstes Mal,weiblich,20 bis 30 Jahre,Realschule,Lehre,Ich bin Angestellter.,1000 - 3000 EURO,"Ja, weil ich aussagekräftige Ergebnisse möchte.",stimmt eher,stimmt genau,stimmt eher nicht,stimmt gar nicht,stimmt eher nicht,stimmt eher,stimmt eher nicht,stimmt eher,stimmt eher,stimmt genau,stimmt eher nicht,stimmt gar nicht,stimmt eher nicht,stimmt gar nicht,stimmt genau,stimmt gar nicht,stimmt eher nicht,stimmt eher,stimmt gar nicht,stimmt eher,stimmt eher,stimmt eher nicht,stimmt eher,stimmt gar nicht,stimmt genau,stimmt eher,stimmt eher,stimmt eher nicht
12/18/2017 15:30:47,Das ist mein erstes Mal,weiblich,20 bis 30 Jahre,Realschule,Lehre,Ich bin Angestellter.,1000 - 3000 EURO,"Ja, weil ich aussagekräftige Ergebnisse möchte.",stimmt genau,stimmt eher,stimmt eher nicht,stimmt eher,stimmt eher,stimmt eher,stimmt eher nicht,stimmt eher,stimmt genau,stimmt eher,stimmt eher nicht,stimmt eher nicht,stimmt eher,stimmt gar nicht,stimmt eher nicht,stimmt eher nicht,stimmt eher,stimmt eher,stimmt eher,stimmt eher,stimmt eher,stimmt genau,stimmt genau,stimmt eher nicht,stimmt eher,stimmt eher nicht,stimmt eher nicht,stimmt eher
12/18/2017 16:04:32,Das ist mein erstes Mal,weiblich,31 bis 40 Jahre,Realschule,Lehre,Ich bin Angestellter.,1000 - 3000 EURO,"Ja, weil ich aussagekräftige Ergebnisse möchte.",stimmt eher,stimmt genau,stimmt eher nicht,stimmt eher nicht,stimmt eher,stimmt genau,stimmt eher,stimmt genau,stimmt genau,stimmt genau,stimmt eher,stimmt eher,stimmt genau,stimmt genau,stimmt genau,stimmt eher nicht,stimmt eher,stimmt eher,stimmt eher,stimmt genau,stimmt eher,stimmt genau,stimmt eher,stimmt eher nicht,stimmt eher,stimmt genau,stimmt eher,stimmt genau
12/18/2017 17:37:57,Das ist mein erstes Mal,weiblich,jünger als 20 Jahre,Abitur,anderes,Ich bin Student.,< 1000 EURO,"Ja, weil ich aussagekräftige Ergebnisse möchte.",stimmt genau,stimmt genau,stimmt eher nicht,stimmt eher,stimmt eher,stimmt eher,stimmt eher nicht,stimmt eher,stimmt eher,stimmt eher,stimmt eher nicht,stimmt eher nicht,stimmt eher,stimmt eher,stimmt eher,stimmt eher,stimmt eher nicht,stimmt eher nicht,stimmt eher nicht,stimmt eher nicht,stimmt genau,stimmt eher,stimmt eher nicht,stimmt gar nicht,stimmt eher,stimmt eher,stimmt eher,stimmt eher nicht
12/18/2017 18:31:49,Das ist mein erstes Mal,weiblich,31 bis 40 Jahre,Realschule,Lehre,Ich bin Angestellter.,1000 - 3000 EURO,"Ja, weil ich aussagekräftige Ergebnisse möchte.",stimmt genau,stimmt eher,stimmt genau,stimmt eher,stimmt genau,stimmt genau,stimmt eher,stimmt eher,stimmt eher,stimmt eher,stimmt eher,stimmt eher,stimmt genau,stimmt genau,stimmt genau,stimmt eher nicht,stimmt eher,stimmt eher nicht,stimmt eher nicht,stimmt genau,stimmt genau,stimmt eher nicht,stimmt eher,stimmt gar nicht,stimmt eher,stimmt genau,stimmt genau,stimmt genau
12/18/2017 18:41:42,Das ist mein erstes Mal,männlich,31 bis 40 Jahre,Realschule,Lehre,Ich bin Angestellter.,3000 - 5000 EURO,"Ja, weil ich aussagekräftige Ergebnisse möchte.",stimmt eher,stimmt eher nicht,stimmt eher nicht,stimmt gar nicht,stimmt eher nicht,stimmt eher,stimmt eher,stimmt eher nicht,stimmt eher nicht,stimmt genau,stimmt eher,stimmt eher,stimmt eher,stimmt eher,stimmt gar nicht,stimmt gar nicht,stimmt genau,stimmt genau,stimmt genau,stimmt eher,stimmt genau,stimmt genau,stimmt eher,stimmt gar nicht,stimmt eher,stimmt eher,stimmt eher,stimmt genau
12/18/2017 18:59:57,Das ist mein erstes Mal,männlich,20 bis 30 Jahre,Realschule,Meister,Ich bin Beamter.,3000 - 5000 EURO,"Ja, weil ich aussagekräftige Ergebnisse möchte.",stimmt eher,stimmt genau,stimmt gar nicht,stimmt gar nicht,stimmt eher,stimmt genau,stimmt eher,stimmt genau,stimmt eher,stimmt genau,stimmt genau,stimmt eher nicht,stimmt eher,stimmt genau,stimmt eher nicht,stimmt gar nicht,stimmt genau,stimmt eher,stimmt genau,stimmt genau,stimmt genau,stimmt eher,stimmt eher,stimmt gar nicht,stimmt eher,stimmt genau,stimmt genau,stimmt eher
12/18/2017 19:11:40,Das ist mein erstes Mal,männlich,41 bis 50 Jahre,Realschule,Lehre,Ich bin Angestellter.,1000 - 3000 EURO,"Ja, weil ich aussagekräftige Ergebnisse möchte.",stimmt genau,stimmt genau,stimmt eher nicht,stimmt eher nicht,stimmt eher,stimmt genau,stimmt eher nicht,stimmt genau,stimmt eher,stimmt eher,stimmt eher,stimmt eher nicht,stimmt genau,stimmt eher,stimmt gar nicht,stimmt eher nicht,stimmt eher,stimmt genau,stimmt genau,stimmt eher,stimmt genau,stimmt genau,stimmt eher,stimmt eher nicht,stimmt genau,stimmt genau,stimmt eher,stimmt genau