"","minority","age","gender","credits","beauty","eval","division","native","tenure","students","allstudents","prof"
"1","yes",36,"female","more",0.2899157,43,"upper","yes","yes",24,43,1
"2","no",59,"male","more",-0.7377322,45,"upper","yes","yes",17,20,2
"3","no",51,"male","more",-0.5719836,37,"upper","yes","yes",55,55,3
"4","no",40,"female","more",-0.6779634,43,"upper","yes","yes",40,46,4
"5","no",31,"female","more",1.509794,44,"upper","yes","yes",42,48,5
"6","no",62,"male","more",0.5885687,42,"upper","yes","yes",182,282,6
"7","no",33,"female","more",-0.126001,4,"upper","yes","yes",33,41,7
"8","no",51,"female","more",-0.2581899,34,"upper","yes","yes",25,41,8
"9","no",33,"female","more",0.1496926,45,"upper","yes","yes",48,60,9
"10","no",47,"male","more",0.540917,39,"upper","yes","no",16,19,10
"11","yes",35,"male","more",0.2316134,31,"upper","no","yes",18,25,11
"12","no",37,"male","more",-0.0666737,4,"upper","yes","no",30,34,12
"13","no",42,"male","more",0.2168924,38,"upper","yes","yes",28,40,13
"14","no",49,"male","more",-0.2586962,34,"upper","no","yes",30,36,14
"15","no",37,"female","more",0.5502878,29,"upper","yes","yes",23,28,15
"16","no",45,"male","more",-0.0620358,45,"upper","yes","yes",23,33,16
"17","no",56,"female","more",-0.9823852,4,"upper","yes","no",27,41,17
"18","no",48,"male","more",-0.054344,38,"lower","yes","no",100,135,18
"19","no",46,"female","more",-0.0680143,43,"upper","yes","yes",25,31,19
"20","no",57,"female","more",0.0294137,34,"upper","yes","no",17,28,20
"21","no",52,"female","more",0.2394859,34,"upper","yes","no",19,22,21
"22","yes",29,"female","more",-0.8487269,33,"upper","no","yes",19,26,22
"23","no",62,"male","more",-0.7330914,43,"upper","yes","yes",30,39,23
"24","no",64,"male","more",-0.1111221,44,"upper","yes","yes",15,24,24
"25","no",34,"female","more",1.775517,46,"upper","yes","yes",20,26,25
"26","no",58,"male","more",-0.3218485,42,"upper","yes","yes",84,159,26
"27","yes",52,"male","more",0.2116939,4,"upper","no","yes",13,16,27
"28","no",73,"male","more",-0.717645,33,"upper","yes","yes",12,17,28
"29","no",70,"male","more",-0.7326927,44,"upper","yes","yes",47,134,29
"30","no",41,"female","more",0.4081676,23,"upper","yes","yes",10,12,30
"31","no",63,"male","more",-0.0102077,35,"upper","yes","no",28,43,31
"32","no",47,"male","more",-0.923957,47,"upper","yes","yes",10,15,32
"33","no",39,"male","more",0.5766805,39,"lower","yes","yes",86,246,33
"34","yes",47,"female","more",-0.0836015,4,"lower","yes","yes",21,21,34
"35","no",54,"male","more",-1.079558,43,"upper","yes","yes",15,15,35
"36","yes",44,"female","more",1.040902,38,"upper","yes","yes",30,55,36
"37","yes",47,"male","more",-1.052108,38,"upper","yes","yes",20,27,37
"38","no",62,"male","more",-0.7277681,4,"upper","yes","yes",12,13,38
"39","no",60,"male","more",-0.3953965,46,"upper","yes","yes",25,34,39
"40","no",37,"male","more",0.9333959,35,"upper","yes","yes",15,17,40
"41","no",42,"male","more",-0.2377786,47,"upper","yes","yes",13,14,41
"42","no",35,"male","more",0.274908,42,"upper","yes","yes",42,51,42
"43","no",39,"female","more",1.970023,34,"lower","yes","no",22,24,43
"44","no",49,"male","more",1.05095,39,"upper","yes","yes",28,45,44
"45","no",61,"male","more",0.2418185,45,"lower","yes","yes",22,27,45
"46","no",33,"male","more",1.349395,47,"upper","yes","yes",30,31,46
"47","no",58,"female","more",0.1115635,35,"upper","yes","yes",26,34,47
"48","no",56,"female","more",-0.2577254,37,"upper","yes","yes",12,19,48
"49","no",50,"female","more",-0.6562689,4,"lower","yes","no",22,27,49
"50","no",52,"male","more",-0.6563948,41,"upper","yes","yes",57,67,50
"51","no",33,"female","more",0.7244775,44,"upper","yes","yes",10,15,51
"52","no",57,"male","more",0.6318343,42,"upper","yes","yes",69,77,52
"53","no",38,"female","more",1.070944,45,"upper","yes","yes",46,65,53
"54","no",34,"female","more",-1.450494,38,"lower","yes","yes",54,91,54
"55","no",34,"male","more",1.15588,31,"upper","yes","yes",24,36,55
"56","no",32,"male","more",-0.3260148,37,"lower","yes","yes",85,248,56
"57","no",42,"female","more",0.8846435,39,"lower","yes","yes",44,62,57
"58","no",43,"female","more",-0.5583452,4,"lower","yes","yes",35,51,58
"59","no",35,"male","more",-0.3415543,33,"upper","no","yes",11,19,59
"60","no",62,"female","more",-0.5040575,31,"upper","yes","yes",22,27,60
"61","no",42,"male","more",-0.9005804,4,"upper","yes","yes",45,86,61
"62","no",39,"male","more",0.6430142,43,"upper","yes","yes",22,29,62
"63","no",52,"female","more",0.773524,37,"upper","yes","yes",64,88,63
"64","no",52,"female","more",1.063938,34,"upper","yes","yes",31,44,64
"65","no",52,"female","more",-1.090389,43,"upper","yes","no",59,75,65
"66","no",64,"male","more",-1.069162,37,"upper","yes","yes",9,11,66
"67","no",50,"male","more",1.415695,42,"upper","yes","yes",15,16,67
"68","no",60,"male","more",-1.422919,22,"upper","yes","yes",23,32,68
"69","no",51,"female","more",0.3918222,3,"upper","yes","yes",47,67,69
"70","no",43,"male","more",-0.4899626,43,"lower","yes","yes",19,22,70
"71","yes",50,"male","single",-0.5835869,46,"lower","yes","no",17,24,71
"72","no",52,"male","more",0.7566829,35,"upper","yes","yes",46,69,72
"73","no",51,"male","more",0.8808186,46,"lower","yes","yes",348,574,73
"74","no",38,"male","more",-0.5665014,37,"lower","yes","yes",44,87,74
"75","no",47,"female","more",0.3394037,38,"lower","yes","yes",19,24,75
"76","yes",43,"female","more",-0.1513687,36,"lower","yes","yes",47,103,76
"77","no",38,"female","more",-1.024997,44,"lower","yes","no",33,68,77
"78","no",43,"male","more",-0.0252444,41,"lower","yes","yes",10,13,78
"79","no",57,"male","more",-0.7467875,43,"upper","yes","yes",7,13,79
"80","no",51,"female","more",0.9889485,4,"upper","yes","yes",9,11,80
"81","no",45,"male","single",-0.5324199,48,"lower","yes","no",12,17,81
"82","no",57,"male","more",-0.7668921,35,"lower","yes","yes",13,14,82
"83","no",47,"female","more",1.154256,36,"lower","yes","no",16,21,83
"84","yes",54,"female","more",1.232602,38,"lower","yes","yes",18,18,84
"85","no",58,"male","more",1.774334,47,"lower","yes","no",16,17,85
"86","no",42,"male","more",1.773151,49,"lower","yes","yes",15,18,86
"87","no",33,"male","more",0.7245926,43,"lower","yes","yes",85,120,87
"88","no",62,"male","more",-1.181626,33,"lower","yes","yes",11,38,88
"89","yes",35,"female","more",1.769452,34,"lower","yes","yes",60,96,89
"90","no",61,"male","more",-0.5872612,36,"lower","yes","yes",27,39,90
"91","no",52,"female","more",-0.0018324,4,"lower","yes","yes",61,111,91
"92","no",60,"female","more",-0.0566766,39,"upper","no","yes",23,27,92
"93","no",32,"male","more",1.231394,43,"lower","yes","yes",98,132,93
"94","yes",42,"female","more",0.4203998,33,"upper","no","yes",48,84,94
"95","yes",36,"female","more",0.2899157,37,"upper","yes","yes",86,125,1
"96","yes",36,"female","more",0.2899157,36,"upper","yes","yes",76,125,1
"97","yes",36,"female","more",0.2899157,44,"upper","yes","yes",77,123,1
"98","no",59,"male","more",-0.7377322,4,"upper","yes","yes",35,40,2
"99","no",59,"male","more",-0.7377322,21,"upper","yes","yes",39,44,2
"100","no",51,"male","more",-0.5719836,32,"upper","yes","yes",111,195,3
"101","no",40,"female","more",-0.6779634,35,"upper","yes","yes",24,27,4
"102","no",40,"female","more",-0.6779634,41,"upper","yes","yes",24,25,4
"103","no",40,"female","more",-0.6779634,46,"upper","yes","yes",17,20,4
"104","no",40,"female","more",-0.6779634,38,"upper","yes","yes",14,25,4
"105","no",40,"female","more",-0.6779634,38,"upper","yes","yes",37,42,4
"106","no",40,"female","more",-0.6779634,38,"upper","yes","yes",18,20,4
"107","no",40,"female","more",-0.6779634,42,"upper","yes","yes",15,18,4
"108","no",31,"female","more",1.509794,39,"upper","yes","yes",40,44,5
"109","no",31,"female","more",1.509794,45,"upper","yes","yes",38,48,5
"110","no",31,"female","more",1.509794,45,"upper","yes","yes",40,45,5
"111","no",31,"female","more",1.509794,44,"upper","yes","yes",52,59,5
"112","no",31,"female","more",1.509794,44,"upper","yes","yes",49,87,5
"113","no",62,"male","more",0.5885687,44,"upper","yes","yes",160,292,6
"114","no",62,"male","more",0.5885687,45,"upper","yes","yes",79,130,6
"115","no",62,"male","more",0.5885687,43,"upper","yes","yes",176,285,6
"116","no",62,"male","more",0.5885687,46,"upper","yes","yes",155,272,6
"117","no",62,"male","more",0.5885687,48,"upper","yes","yes",166,286,6
"118","no",62,"male","more",0.5885687,43,"upper","yes","yes",186,302,6
"119","no",33,"female","more",-0.126001,4,"upper","yes","yes",29,34,7
"120","no",33,"female","more",-0.126001,4,"upper","yes","yes",37,41,7
"121","no",33,"female","more",-0.126001,39,"upper","yes","yes",29,41,7
"122","no",33,"female","more",-0.126001,33,"upper","yes","yes",28,34,7
"123","no",51,"female","more",-0.2581899,45,"upper","yes","yes",21,22,8
"124","no",51,"female","more",-0.2581899,45,"upper","yes","yes",13,21,8
"125","no",51,"female","more",-0.2581899,45,"upper","yes","yes",16,17,8
"126","no",51,"female","more",-0.2581899,25,"lower","yes","yes",24,30,8
"127","no",51,"female","more",-0.2581899,43,"upper","yes","yes",23,23,8
"128","no",51,"female","more",-0.2581899,45,"upper","yes","yes",20,20,8
"129","no",33,"female","more",0.1496926,47,"upper","yes","yes",29,33,9
"130","no",33,"female","more",0.1496926,35,"upper","yes","yes",11,44,9
"131","no",33,"female","more",0.1496926,45,"upper","yes","yes",29,49,9
"132","no",33,"female","more",0.1496926,38,"upper","yes","yes",25,29,9
"133","no",33,"female","more",0.1496926,45,"upper","yes","yes",42,48,9
"134","no",33,"female","more",0.1496926,43,"upper","yes","yes",34,40,9
"135","no",47,"male","more",0.540917,39,"upper","yes","no",12,16,10
"136","no",47,"male","more",0.540917,43,"upper","yes","no",14,15,10
"137","no",47,"male","more",0.540917,42,"upper","yes","no",22,23,10
"138","no",47,"male","more",0.540917,5,"lower","yes","no",10,11,10
"139","no",47,"male","more",0.540917,5,"lower","yes","no",17,29,10
"140","no",47,"male","more",0.540917,46,"upper","yes","no",16,21,10
"141","no",47,"male","more",0.540917,5,"lower","yes","no",15,18,10
"142","no",47,"male","more",0.540917,47,"upper","yes","no",16,19,10
"143","no",47,"male","more",0.540917,5,"lower","yes","no",16,20,10
"144","yes",35,"male","more",0.2316134,27,"upper","no","yes",30,33,11
"145","yes",35,"male","more",0.2316134,4,"upper","no","yes",23,24,11
"146","no",37,"male","more",-0.0666737,44,"upper","yes","no",13,21,12
"147","no",37,"male","more",-0.0666737,44,"upper","yes","no",24,30,12
"148","no",37,"male","more",-0.0666737,43,"upper","yes","no",24,25,12
"149","no",37,"male","more",-0.0666737,35,"upper","yes","no",25,35,12
"150","no",42,"male","more",0.2168924,38,"upper","yes","yes",18,30,13
"151","no",42,"male","more",0.2168924,39,"upper","yes","yes",28,42,13
"152","no",42,"male","more",0.2168924,37,"upper","yes","yes",25,57,13
"153","no",42,"male","more",0.2168924,33,"upper","yes","yes",40,57,13
"154","no",42,"male","more",0.2168924,4,"upper","yes","yes",40,51,13
"155","no",42,"male","more",0.2168924,38,"upper","yes","yes",18,30,13
"156","no",49,"male","more",-0.2586962,42,"upper","no","yes",31,37,14
"157","no",49,"male","more",-0.2586962,31,"upper","no","yes",15,29,14
"158","no",49,"male","more",-0.2586962,36,"upper","no","yes",23,27,14
"159","no",37,"female","more",0.5502878,33,"upper","yes","yes",34,52,15
"160","no",37,"female","more",0.5502878,29,"upper","yes","yes",21,26,15
"161","no",37,"female","more",0.5502878,31,"upper","yes","yes",29,30,15
"162","no",45,"male","more",-0.0620358,4,"lower","yes","yes",45,177,16
"163","no",45,"male","more",-0.0620358,4,"lower","yes","yes",90,199,16
"164","no",45,"male","more",-0.0620358,42,"upper","yes","yes",27,32,16
"165","no",45,"male","more",-0.0620358,38,"upper","yes","yes",35,37,16
"166","no",45,"male","more",-0.0620358,43,"lower","yes","yes",120,161,16
"167","no",56,"female","more",-0.9823852,46,"upper","yes","no",39,44,17
"168","no",56,"female","more",-0.9823852,43,"upper","yes","no",35,53,17
"169","no",56,"female","more",-0.9823852,36,"upper","yes","no",34,49,17
"170","no",56,"female","more",-0.9823852,42,"upper","yes","no",27,32,17
"171","no",48,"male","more",-0.054344,39,"upper","yes","no",20,33,18
"172","no",48,"male","more",-0.054344,41,"upper","yes","no",14,19,18
"173","no",48,"male","more",-0.054344,4,"lower","yes","no",65,111,18
"174","no",48,"male","more",-0.054344,43,"lower","yes","no",95,149,18
"175","no",48,"male","more",-0.054344,39,"upper","yes","no",18,27,18
"176","no",48,"male","more",-0.054344,42,"lower","yes","no",85,136,18
"177","no",48,"male","more",-0.054344,42,"lower","yes","no",113,140,18
"178","no",46,"female","more",-0.0680143,49,"lower","yes","yes",14,15,19
"179","no",46,"female","more",-0.0680143,4,"upper","yes","yes",23,29,19
"180","no",46,"female","more",-0.0680143,43,"upper","yes","yes",23,25,19
"181","no",46,"female","more",-0.0680143,49,"upper","yes","yes",9,18,19
"182","no",46,"female","more",-0.0680143,39,"upper","yes","yes",30,45,19
"183","no",46,"female","more",-0.0680143,49,"lower","yes","yes",15,15,19
"184","no",46,"female","more",-0.0680143,39,"upper","yes","yes",31,38,19
"185","no",46,"female","more",-0.0680143,4,"lower","yes","yes",12,15,19
"186","no",57,"female","more",0.0294137,35,"upper","yes","no",10,23,20
"187","no",57,"female","more",0.0294137,39,"upper","yes","no",15,19,20
"188","no",57,"female","more",0.0294137,4,"upper","yes","no",7,23,20
"189","no",57,"female","more",0.0294137,36,"upper","yes","no",7,22,20
"190","no",57,"female","more",0.0294137,3,"upper","yes","no",14,20,20
"191","no",57,"female","more",0.0294137,3,"upper","yes","no",8,19,20
"192","no",57,"female","more",0.0294137,36,"upper","yes","no",17,23,20
"193","no",57,"female","more",0.0294137,36,"upper","yes","no",10,22,20
"194","no",57,"female","more",0.0294137,32,"upper","yes","no",12,15,20
"195","no",52,"female","more",0.2394859,39,"upper","yes","no",27,31,21
"196","no",52,"female","more",0.2394859,35,"upper","yes","no",20,21,21
"197","no",52,"female","more",0.2394859,35,"upper","yes","no",31,36,21
"198","no",52,"female","single",0.2394859,31,"upper","yes","no",17,19,21
"199","no",52,"female","more",0.2394859,42,"upper","yes","no",23,37,21
"200","no",62,"male","more",-0.7330914,36,"lower","yes","yes",94,184,23
"201","no",62,"male","more",-0.7330914,45,"upper","yes","yes",46,50,23
"202","no",62,"male","more",-0.7330914,37,"lower","yes","yes",80,157,23
"203","no",62,"male","more",-0.7330914,34,"lower","yes","yes",61,164,23
"204","no",64,"male","more",-0.1111221,45,"upper","yes","yes",51,68,24
"205","no",64,"male","more",-0.1111221,46,"upper","yes","yes",22,47,24
"206","no",64,"male","more",-0.1111221,48,"upper","yes","yes",10,14,24
"207","no",64,"male","more",-0.1111221,45,"upper","yes","yes",11,15,24
"208","no",64,"male","more",-0.1111221,44,"upper","yes","yes",15,24,24
"209","no",64,"male","more",-0.1111221,41,"upper","yes","yes",21,39,24
"210","no",34,"female","more",1.775517,39,"upper","yes","yes",33,40,25
"211","no",58,"male","more",-0.3218485,43,"upper","yes","yes",71,151,26
"212","no",58,"male","more",-0.3218485,35,"lower","yes","yes",36,47,26
"213","no",58,"male","more",-0.3218485,4,"upper","yes","yes",73,122,26
"214","no",58,"male","more",-0.3218485,4,"lower","yes","yes",31,45,26
"215","yes",52,"male","more",0.2116939,46,"upper","no","yes",23,23,27
"216","yes",52,"male","more",0.2116939,46,"upper","no","yes",12,16,27
"217","yes",52,"male","more",0.2116939,37,"upper","no","yes",15,18,27
"218","yes",52,"male","more",0.2116939,35,"upper","no","yes",11,16,27
"219","yes",52,"male","more",0.2116939,36,"upper","no","yes",12,15,27
"220","yes",52,"male","more",0.2116939,39,"upper","no","yes",18,28,27
"221","no",73,"male","more",-0.717645,42,"upper","yes","yes",10,13,28
"222","no",73,"male","more",-0.717645,32,"upper","yes","yes",16,21,28
"223","no",73,"male","more",-0.717645,49,"upper","yes","yes",13,17,28
"224","no",70,"male","more",-0.7326927,4,"upper","yes","yes",5,48,29
"225","no",70,"male","more",-0.7326927,35,"upper","yes","yes",34,64,29
"226","no",70,"male","more",-0.7326927,34,"upper","yes","yes",24,69,29
"227","no",63,"male","more",-0.0102077,42,"upper","yes","no",11,14,31
"228","no",63,"male","more",-0.0102077,35,"upper","yes","no",10,15,31
"229","no",63,"male","more",-0.0102077,44,"upper","yes","no",14,18,31
"230","no",63,"male","more",-0.0102077,37,"upper","yes","no",12,16,31
"231","no",63,"male","more",-0.0102077,34,"upper","yes","no",8,10,31
"232","no",63,"male","more",-0.0102077,3,"upper","yes","no",23,47,31
"233","no",47,"male","more",-0.923957,39,"upper","yes","yes",10,14,32
"234","no",47,"male","more",-0.923957,28,"upper","yes","yes",10,12,32
"235","no",39,"male","more",0.5766805,37,"lower","yes","yes",154,316,33
"236","no",39,"male","more",0.5766805,46,"upper","yes","yes",12,15,33
"237","no",39,"male","more",0.5766805,42,"upper","yes","yes",14,15,33
"238","no",39,"male","more",0.5766805,44,"upper","yes","yes",27,29,33
"239","yes",47,"female","more",-0.0836015,38,"upper","yes","yes",8,8,34
"240","yes",47,"female","single",-0.0836015,41,"lower","yes","yes",16,16,34
"241","yes",47,"female","more",-0.0836015,37,"lower","yes","yes",24,26,34
"242","yes",47,"female","more",-0.0836015,41,"upper","yes","yes",7,10,34
"243","yes",47,"female","more",-0.0836015,3,"lower","yes","yes",25,26,34
"244","yes",47,"female","more",-0.0836015,32,"lower","yes","yes",24,26,34
"245","yes",47,"female","more",-0.0836015,28,"lower","yes","yes",24,26,34
"246","yes",47,"female","single",-0.0836015,47,"lower","yes","yes",20,21,34
"247","yes",47,"female","more",-0.0836015,42,"lower","yes","yes",12,12,34
"248","yes",47,"female","more",-0.0836015,32,"lower","yes","yes",25,27,34
"249","yes",47,"female","more",-0.0836015,31,"lower","yes","yes",26,27,34
"250","yes",47,"female","more",-0.0836015,4,"lower","yes","yes",24,25,34
"251","no",54,"male","more",-1.079558,42,"upper","yes","yes",10,15,35
"252","no",54,"male","more",-1.079558,43,"upper","yes","yes",16,17,35
"253","yes",44,"female","more",1.040902,33,"upper","yes","yes",35,48,36
"254","yes",44,"female","more",1.040902,41,"upper","yes","yes",21,21,36
"255","yes",44,"female","more",1.040902,37,"upper","yes","yes",35,39,36
"256","yes",47,"male","more",-1.052108,33,"upper","yes","yes",9,14,37
"257","yes",47,"male","more",-1.052108,38,"upper","yes","yes",21,26,37
"258","yes",47,"male","more",-1.052108,34,"upper","yes","yes",13,16,37
"259","yes",47,"male","more",-1.052108,42,"upper","yes","yes",13,16,37
"260","yes",47,"male","more",-1.052108,38,"upper","yes","yes",12,13,37
"261","yes",47,"male","more",-1.052108,35,"upper","yes","yes",14,14,37
"262","yes",47,"male","more",-1.052108,33,"upper","yes","yes",15,17,37
"263","no",62,"male","more",-0.7277681,43,"upper","yes","yes",13,15,38
"264","no",62,"male","more",-0.7277681,41,"upper","yes","yes",7,10,38
"265","no",60,"male","more",-0.3953965,45,"upper","yes","yes",12,16,39
"266","no",60,"male","more",-0.3953965,45,"upper","yes","yes",11,14,39
"267","no",60,"male","more",-0.3953965,46,"upper","yes","yes",8,12,39
"268","no",60,"male","more",-0.3953965,44,"upper","yes","yes",24,39,39
"269","no",60,"male","more",-0.3953965,41,"upper","yes","yes",15,35,39
"270","no",60,"male","more",-0.3953965,45,"upper","yes","yes",31,45,39
"271","no",60,"male","more",-0.3953965,43,"lower","yes","yes",36,45,39
"272","no",42,"male","more",-0.2377786,44,"upper","yes","yes",14,14,41
"273","no",42,"male","more",-0.2377786,49,"upper","yes","yes",13,14,41
"274","no",42,"male","more",-0.2377786,47,"upper","yes","yes",12,12,41
"275","no",42,"male","more",-0.2377786,46,"upper","yes","yes",13,15,41
"276","no",35,"male","more",0.274908,48,"lower","yes","yes",21,23,42
"277","no",35,"male","more",0.274908,42,"upper","yes","yes",49,57,42
"278","no",35,"male","more",0.274908,46,"lower","yes","yes",44,50,42
"279","no",39,"female","more",1.970023,47,"upper","yes","no",18,23,43
"280","no",39,"female","more",1.970023,46,"upper","yes","no",20,23,43
"281","no",39,"female","more",1.970023,36,"lower","yes","no",27,28,43
"282","no",49,"male","more",1.05095,39,"upper","yes","yes",27,42,44
"283","no",49,"male","more",1.05095,4,"upper","yes","yes",49,57,44
"284","no",61,"male","more",0.2418185,44,"upper","yes","yes",31,38,45
"285","no",61,"male","more",0.2418185,45,"lower","yes","yes",19,22,45
"286","no",61,"male","more",0.2418185,44,"upper","yes","yes",27,43,45
"287","no",33,"male","more",1.349395,3,"upper","yes","yes",12,13,46
"288","no",33,"male","more",1.349395,37,"upper","yes","yes",13,15,46
"289","no",56,"female","more",-0.2577254,36,"upper","yes","yes",16,20,48
"290","no",56,"female","more",-0.2577254,31,"upper","yes","yes",17,23,48
"291","no",50,"female","single",-0.6562689,38,"lower","yes","no",24,32,49
"292","no",50,"female","single",-0.6562689,47,"lower","yes","no",14,21,49
"293","no",50,"female","more",-0.6562689,38,"upper","yes","no",23,24,49
"294","no",50,"female","more",-0.6562689,38,"upper","yes","no",19,21,49
"295","no",50,"female","more",-0.6562689,28,"upper","yes","no",18,28,49
"296","no",50,"female","more",-0.6562689,4,"upper","yes","no",23,29,49
"297","no",52,"male","more",-0.6563948,4,"upper","yes","yes",81,89,50
"298","no",52,"male","more",-0.6563948,35,"upper","yes","yes",74,82,50
"299","no",52,"male","more",-0.6563948,34,"upper","yes","yes",102,122,50
"300","no",52,"male","more",-0.6563948,4,"upper","yes","yes",94,131,50
"301","no",52,"male","more",-0.6563948,35,"upper","yes","yes",89,114,50
"302","no",52,"male","more",-0.6563948,38,"upper","yes","yes",133,149,50
"303","no",52,"male","more",-0.6563948,47,"upper","yes","yes",22,23,50
"304","no",52,"male","more",-0.6563948,39,"upper","yes","yes",78,98,50
"305","no",52,"male","more",-0.6563948,45,"upper","yes","yes",22,27,50
"306","no",52,"male","more",-0.6563948,42,"upper","yes","yes",27,30,50
"307","no",52,"male","more",-0.6563948,47,"upper","yes","yes",27,30,50
"308","no",52,"male","more",-0.6563948,4,"upper","yes","yes",60,69,50
"309","no",33,"female","more",0.7244775,48,"upper","yes","yes",10,10,51
"310","no",33,"female","more",0.7244775,48,"upper","yes","yes",10,11,51
"311","no",33,"female","more",0.7244775,44,"upper","yes","yes",10,14,51
"312","no",33,"female","more",0.7244775,47,"upper","yes","yes",7,11,51
"313","no",33,"female","more",0.7244775,45,"upper","yes","yes",14,14,51
"314","no",57,"male","more",0.6318343,42,"upper","yes","yes",36,41,52
"315","no",57,"male","more",0.6318343,44,"upper","yes","yes",72,88,52
"316","no",57,"male","more",0.6318343,41,"upper","yes","yes",63,78,52
"317","no",38,"female","more",1.070944,42,"lower","yes","yes",109,157,53
"318","no",38,"female","more",1.070944,48,"upper","yes","yes",54,68,53
"319","no",38,"female","more",1.070944,44,"upper","yes","yes",51,67,53
"320","no",38,"female","more",1.070944,47,"upper","yes","yes",61,80,53
"321","no",38,"female","more",1.070944,42,"lower","yes","yes",102,137,53
"322","no",38,"female","more",1.070944,45,"upper","yes","yes",58,69,53
"323","no",34,"female","more",-1.450494,34,"lower","yes","yes",46,80,54
"324","no",34,"female","more",-1.450494,37,"lower","yes","yes",53,90,54
"325","no",34,"female","more",-1.450494,36,"upper","yes","yes",19,34,54
"326","no",34,"female","more",-1.450494,39,"upper","yes","yes",41,73,54
"327","no",34,"female","more",-1.450494,39,"upper","yes","yes",25,44,54
"328","no",34,"male","more",1.15588,37,"upper","yes","yes",16,20,55
"329","no",34,"male","more",1.15588,3,"lower","yes","yes",20,35,55
"330","no",32,"male","more",-0.3260148,36,"lower","yes","yes",69,168,56
"331","no",32,"male","more",-0.3260148,36,"lower","yes","yes",98,247,56
"332","no",32,"male","more",-0.3260148,43,"upper","yes","yes",20,22,56
"333","no",32,"male","more",-0.3260148,45,"upper","yes","yes",72,103,56
"334","no",42,"female","more",0.8846435,39,"upper","yes","yes",51,82,57
"335","no",43,"female","more",-0.5583452,46,"upper","yes","yes",18,35,58
"336","no",43,"female","more",-0.5583452,41,"lower","yes","yes",26,34,58
"337","no",43,"female","more",-0.5583452,42,"lower","yes","yes",28,37,58
"338","no",43,"female","more",-0.5583452,41,"lower","yes","yes",13,14,58
"339","no",43,"female","more",-0.5583452,31,"lower","yes","yes",174,266,58
"340","no",43,"female","more",-0.5583452,36,"lower","yes","yes",171,254,58
"341","no",43,"female","more",-0.5583452,42,"upper","yes","yes",10,13,58
"342","no",43,"female","more",-0.5583452,3,"lower","yes","yes",166,282,58
"343","no",43,"female","more",-0.5583452,42,"upper","yes","yes",17,17,58
"344","no",35,"male","more",-0.3415543,34,"lower","no","yes",22,42,59
"345","no",62,"female","more",-0.5040575,31,"upper","yes","yes",9,16,60
"346","no",62,"female","more",-0.5040575,27,"upper","yes","yes",14,19,60
"347","no",52,"female","more",0.773524,39,"upper","yes","yes",70,98,63
"348","no",52,"female","more",1.063938,39,"upper","yes","yes",49,65,64
"349","no",52,"female","more",1.063938,36,"upper","yes","yes",32,63,64
"350","no",52,"female","more",-1.090389,37,"upper","yes","no",35,43,65
"351","no",52,"female","more",-1.090389,36,"upper","yes","no",59,80,65
"352","no",52,"female","more",-1.090389,44,"upper","yes","no",45,52,65
"353","no",52,"female","more",-1.090389,43,"upper","yes","no",34,48,65
"354","no",52,"female","more",-1.090389,41,"upper","yes","no",50,66,65
"355","no",52,"female","more",-1.090389,37,"upper","yes","no",67,100,65
"356","no",64,"male","more",-1.069162,36,"upper","yes","yes",8,16,66
"357","no",64,"male","more",-1.069162,28,"upper","yes","yes",18,22,66
"358","no",64,"male","more",-1.069162,4,"upper","yes","yes",5,11,66
"359","no",64,"male","more",-1.069162,44,"upper","yes","yes",5,10,66
"360","no",64,"male","more",-1.069162,36,"upper","yes","yes",16,16,66
"361","no",50,"male","more",1.415695,37,"upper","yes","yes",9,10,67
"362","no",60,"male","more",-1.422919,29,"upper","yes","yes",7,10,68
"363","no",60,"male","more",-1.422919,26,"upper","yes","yes",10,16,68
"364","no",43,"male","single",-0.4899626,48,"lower","yes","yes",15,28,70
"365","no",43,"male","single",-0.4899626,49,"lower","yes","yes",18,30,70
"366","no",43,"male","more",-0.4899626,43,"lower","yes","yes",11,15,70
"367","no",43,"male","more",-0.4899626,44,"lower","yes","yes",10,13,70
"368","no",43,"male","single",-0.4899626,43,"lower","yes","yes",17,18,70
"369","no",43,"male","single",-0.4899626,47,"lower","yes","yes",22,26,70
"370","no",43,"male","single",-0.4899626,43,"lower","yes","yes",18,30,70
"371","no",43,"male","more",-0.4899626,46,"lower","yes","yes",14,14,70
"372","yes",50,"male","single",-0.5835869,49,"lower","yes","no",20,22,71
"373","yes",50,"male","single",-0.5835869,48,"lower","yes","no",21,25,71
"374","yes",50,"male","single",-0.5835869,47,"lower","yes","no",23,26,71
"375","yes",50,"male","single",-0.5835869,48,"lower","yes","no",19,22,71
"376","yes",50,"male","single",-0.5835869,49,"lower","yes","no",20,26,71
"377","yes",50,"male","single",-0.5835869,48,"lower","yes","no",17,20,71
"378","yes",50,"male","single",-0.5835869,48,"lower","yes","no",18,22,71
"379","yes",50,"male","single",-0.5835869,5,"lower","yes","no",20,21,71
"380","yes",50,"male","single",-0.5835869,45,"lower","yes","no",19,21,71
"381","no",52,"male","more",0.7566829,38,"upper","yes","yes",46,65,72
"382","no",52,"male","more",0.7566829,38,"upper","yes","yes",39,62,72
"383","no",52,"male","more",0.7566829,38,"upper","yes","yes",34,67,72
"384","no",52,"male","more",0.7566829,4,"upper","yes","yes",29,40,72
"385","no",52,"male","more",0.7566829,42,"upper","yes","yes",27,45,72
"386","no",51,"male","more",0.8808186,45,"lower","yes","yes",372,579,73
"387","no",51,"male","more",0.8808186,45,"lower","yes","yes",343,537,73
"388","no",51,"male","more",0.8808186,46,"lower","yes","yes",380,581,73
"389","no",51,"male","more",0.8808186,47,"lower","yes","yes",322,527,73
"390","no",38,"male","more",-0.5665014,41,"lower","yes","yes",66,84,74
"391","no",38,"male","more",-0.5665014,36,"lower","yes","yes",40,79,74
"392","no",38,"male","more",-0.5665014,4,"lower","yes","yes",60,92,74
"393","no",47,"female","more",0.3394037,34,"lower","yes","yes",38,67,75
"394","yes",43,"female","more",-0.1513687,28,"lower","yes","yes",93,190,76
"395","no",38,"female","more",-1.024997,41,"lower","yes","no",36,60,77
"396","no",38,"female","more",-1.024997,35,"lower","yes","no",29,64,77
"397","no",38,"female","more",-1.024997,34,"lower","yes","no",23,31,77
"398","no",38,"female","more",-1.024997,41,"lower","yes","no",36,62,77
"399","no",38,"female","more",-1.024997,42,"lower","yes","no",30,37,77
"400","no",43,"male","more",-0.0252444,43,"lower","yes","yes",8,13,78
"401","no",43,"male","more",-0.0252444,41,"upper","yes","yes",12,15,78
"402","no",43,"male","more",-0.0252444,34,"upper","yes","yes",65,79,78
"403","no",57,"male","more",-0.7467875,35,"upper","yes","yes",53,98,79
"404","no",57,"male","more",-0.7467875,36,"upper","yes","yes",58,97,79
"405","no",51,"female","more",0.9889485,37,"upper","yes","yes",67,78,80
"406","no",51,"female","more",0.9889485,3,"upper","yes","yes",36,56,80
"407","no",51,"female","more",0.9889485,46,"upper","yes","yes",17,20,80
"408","no",45,"male","single",-0.5324199,4,"lower","yes","no",17,20,81
"409","no",45,"male","more",-0.5324199,48,"lower","yes","no",13,19,81
"410","no",45,"male","single",-0.5324199,46,"lower","yes","no",19,26,81
"411","no",57,"male","more",-0.7668921,34,"lower","yes","yes",12,18,82
"412","no",57,"male","more",-0.7668921,44,"lower","yes","yes",12,12,82
"413","no",57,"male","more",-0.7668921,36,"lower","yes","yes",16,19,82
"414","no",57,"male","more",-0.7668921,38,"lower","yes","yes",12,16,82
"415","no",57,"male","more",-0.7668921,37,"lower","yes","yes",14,16,82
"416","no",57,"male","more",-0.7668921,47,"lower","yes","yes",11,12,82
"417","no",57,"male","more",-0.7668921,45,"lower","yes","yes",15,17,82
"418","no",57,"male","more",-0.7668921,5,"upper","yes","yes",6,15,82
"419","no",57,"male","more",-0.7668921,38,"lower","yes","yes",15,16,82
"420","no",57,"male","more",-0.7668921,41,"lower","yes","yes",12,17,82
"421","no",47,"female","single",1.154256,43,"lower","yes","no",15,17,83
"422","no",47,"female","single",1.154256,44,"lower","yes","no",10,10,83
"423","no",47,"female","single",1.154256,47,"lower","yes","no",16,17,83
"424","no",47,"female","more",1.154256,39,"lower","yes","no",15,17,83
"425","yes",54,"female","more",1.232602,48,"lower","yes","yes",15,16,84
"426","yes",54,"female","more",1.232602,43,"lower","yes","yes",21,26,84
"427","yes",54,"female","more",1.232602,46,"lower","yes","yes",14,18,84
"428","yes",54,"female","more",1.232602,38,"lower","yes","yes",16,20,84
"429","no",58,"male","more",1.774334,5,"lower","yes","no",21,21,85
"430","no",58,"male","more",1.774334,49,"lower","yes","no",18,21,85
"431","no",58,"male","more",1.774334,46,"lower","yes","no",17,20,85
"432","no",58,"male","more",1.774334,46,"lower","yes","no",19,20,85
"433","no",58,"male","more",1.774334,5,"lower","yes","no",11,13,85
"434","no",58,"male","more",1.774334,46,"lower","yes","no",14,16,85
"435","no",58,"male","more",1.774334,49,"lower","yes","no",16,17,85
"436","no",42,"male","more",1.773151,4,"lower","yes","yes",22,24,86
"437","no",42,"male","more",1.773151,39,"upper","yes","yes",17,20,86
"438","no",33,"male","more",0.7245926,41,"lower","yes","yes",67,155,87
"439","no",62,"male","more",-1.181626,29,"lower","yes","yes",28,70,88
"440","no",62,"male","more",-1.181626,28,"lower","yes","yes",61,149,88
"441","no",62,"male","more",-1.181626,28,"lower","yes","yes",49,137,88
"442","no",62,"male","more",-1.181626,4,"upper","yes","yes",13,29,88
"443","no",62,"male","more",-1.181626,33,"lower","yes","yes",28,55,88
"444","no",62,"male","more",-1.181626,3,"lower","yes","yes",67,136,88
"445","yes",35,"female","more",1.769452,36,"lower","yes","yes",20,60,89
"446","yes",35,"female","more",1.769452,38,"lower","yes","yes",43,108,89
"447","no",61,"male","more",-0.5872612,39,"lower","yes","yes",13,15,90
"448","no",52,"female","more",-0.0018324,47,"lower","yes","yes",14,17,91
"449","no",52,"female","more",-0.0018324,47,"lower","yes","yes",19,19,91
"450","no",60,"female","more",-0.0566766,39,"upper","no","yes",18,19,92
"451","no",60,"female","more",-0.0566766,44,"upper","no","yes",11,13,92
"452","no",60,"female","more",-0.0566766,36,"upper","no","yes",18,19,92
"453","no",60,"female","more",-0.0566766,42,"upper","no","yes",11,22,92
"454","no",60,"female","more",-0.0566766,34,"upper","no","yes",7,20,92
"455","no",60,"female","more",-0.0566766,4,"upper","no","yes",24,27,92
"456","no",32,"male","more",1.231394,42,"lower","yes","yes",111,127,93
"457","no",32,"male","more",1.231394,44,"upper","yes","yes",62,85,93
"458","no",32,"male","more",1.231394,45,"lower","yes","yes",76,101,93
"459","no",32,"male","more",1.231394,32,"lower","yes","yes",9,21,93
"460","no",32,"male","more",1.231394,43,"upper","yes","yes",52,86,93
"461","yes",42,"female","more",0.4203998,33,"upper","no","yes",52,67,94
"462","yes",42,"female","more",0.4203998,32,"upper","no","yes",54,66,94
"463","yes",42,"female","single",0.4203998,41,"lower","no","yes",28,35,94
